id,first_name,last_name,email,description
1,Lincoln,Curm,lcurm0@mediafire.com,Repair of rectocele with graft or prosthesis
2,Jo ann,Windows,jwindows1@dot.gov,Renal scan and radioisotope function study
3,Cristi,Jerrand,cjerrand2@narod.ru,Excision of lesion of orbit
4,Greg,Sondon,gsondon3@usgs.gov,"Microscopic examination of specimen from nervous system and of spinal fluid, culture"
5,Loralyn,Arpe,larpe4@slideshare.net,Insertion of vaginal diaphragm
6,Walt,Daily,wdaily5@spiegel.de,"Other partial ostectomy, tibia and fibula"
7,Rockwell,Solway,rsolway6@symantec.com,Total dacryoadenectomy
8,Clifford,Husthwaite,chusthwaite7@nps.gov,Split-thickness graft to breast
9,Wilden,Mathieson,wmathieson8@usatoday.com,Ophthalmologic counseling and instruction
10,Anne,Gladman,agladman9@cafepress.com,Removal of ligature from ureter
11,Holden,McGlaughn,hmcglaughna@reverbnation.com,Insertion of rectal tube
12,Annmaria,Barson,abarsonb@edublogs.org,Culdotomy
13,Isac,Sexten,isextenc@technorati.com,Manual rupture of joint adhesions
14,Gael,Jorgesen,gjorgesend@reference.com,Other and unspecified repair of ventricular septal defect
15,Bonnibelle,O'Sherrin,bosherrine@upenn.edu,Repair of retinal tear by cryotherapy
16,Idelle,Corneliussen,icorneliussenf@nifty.com,Other nonoperative cardiac and vascular measurements
17,Arnoldo,Woollaston,awoollastong@wikipedia.org,Excision or destruction of lesion or tissue of tongue
18,Kimbell,Christofe,kchristofeh@jigsy.com,"Partial excision of pituitary gland, transsphenoidal approach"
19,Lucky,Nulty,lnultyi@smh.com.au,Removal of other therapeutic device from head and neck
20,Darda,Bitchener,dbitchenerj@cocolog-nifty.com,Insertion of oropharyngeal airway
21,Papagena,Scouse,pscousek@microsoft.com,"Cardiopulmonary resuscitation, not otherwise specified"
22,Elga,Semmence,esemmencel@netlog.com,Other operations on thorax
23,Minna,Wilbore,mwilborem@gizmodo.com,Other local excision of lesion of duodenum
24,Maryellen,Fleay,mfleayn@digg.com,Refusion of atlas-axis spine
25,Kinsley,Targe,ktargeo@drupal.org,"Microscopic examination of specimen from other site, toxicology"
26,Ravi,Skacel,rskacelp@theatlantic.com,Removal of skeletal muscle stimulator
27,Inna,Outridge,ioutridgeq@freewebs.com,Augmentation genioplasty
28,Juliana,Wakeman,jwakemanr@who.int,Complete laryngectomy
29,Marilee,Melsom,mmelsoms@hugedomains.com,Intraoperative cardiac pacemaker
30,Ogden,Tunnock,otunnockt@dailymotion.com,Excision or destruction of lesion of cul-de-sac
31,Kipper,Axton,kaxtonu@people.com.cn,Injection of therapeutic substance into tendon of hand
32,Martina,Vondra,mvondrav@mashable.com,Exploration of thymus field
33,Aymer,Sentance,asentancew@china.com.cn,Fitting of external prosthesis of penis
34,Lenora,Bohler,lbohlerx@networksolutions.com,Excision of seminal vesicle
35,Grete,Dudbridge,gdudbridgey@google.nl,Prosthetic evaluation
36,Carolina,Jakab,cjakabz@prnewswire.com,"Refusion of other cervical spine, anterior column, anterior technique"
37,Brittni,Yeowell,byeowell10@eepurl.com,Replantation of penis
38,Kirk,Lukianovich,klukianovich11@newsvine.com,Reconstruction of surgically divided vas deferens
39,Danie,Asee,dasee12@oakley.com,"Microscopic examination of specimen from skin and other integument, toxicology"
40,Nils,Cull,ncull13@howstuffworks.com,Other x-ray of facial bones
41,Theresa,Facher,tfacher14@ocn.ne.jp,Closed [needle] biopsy of tongue
42,Winthrop,Pouck,wpouck15@sciencedaily.com,Other operations on pharynx
43,Germaine,Weippert,gweippert16@columbia.edu,Other and unspecified pneumonectomy
44,Abey,Iacapucci,aiacapucci17@craigslist.org,Lingual frenotomy
45,Lyda,Boffey,lboffey18@ifeng.com,Arteriography of femoral and other lower extremity arteries
46,Loren,Rothman,lrothman19@wunderground.com,Other perfusion
47,Lenora,Limpertz,llimpertz1a@craigslist.org,Root canal therapy with irrigation
48,Berget,Dourin,bdourin1b@a8.net,Open and other replacement of aortic valve
49,Merle,Fivey,mfivey1c@vk.com,Monitoring of coronary blood flow
50,Maureen,Stubbs,mstubbs1d@opera.com,Irrigation of pancreatic tube
51,Tiffy,Vallerine,tvallerine1e@exblog.jp,Thoracoscopic robotic assisted procedure
52,Tiebout,Brydson,tbrydson1f@dot.gov,Antesternal esophagogastrostomy
53,Leontine,Overstone,loverstone1g@fastcompany.com,Open chest cardiac massage
54,Derek,Kittley,dkittley1h@jalbum.net,Other x-ray of epididymis and vas deferens
55,Neel,MacGorrie,nmacgorrie1i@dot.gov,Partial gastrectomy with anastomosis to duodenum
56,Geordie,Thornborrow,gthornborrow1j@ebay.com,Other diagnostic procedures on trachea
57,Putnem,Krolle,pkrolle1k@businessinsider.com,Other antesternal anastomosis of esophagus
58,Wilmer,Langthorne,wlangthorne1l@state.gov,Contrast myelogram
59,Levy,Dohmann,ldohmann1m@4shared.com,Other operations on the breast
60,Jackie,Sandiford,jsandiford1n@wikispaces.com,"Osteoclasis, patella"
61,Beck,Prozillo,bprozillo1o@nps.gov,"Transfer of finger, except thumb"
62,Brnaba,Dessant,bdessant1p@odnoklassniki.ru,Radical pancreaticoduodenectomy
63,Jerome,Bestman,jbestman1q@deliciousdays.com,"Debridement of open fracture site, phalanges of foot"
64,Donetta,Rees,drees1r@spiegel.de,Other repair of vulva and perineum
65,Bayard,Daton,bdaton1s@twitpic.com,Comprehensive eye examination
66,Fancie,Ayliffe,fayliffe1t@yandex.ru,Other nonoperative genitourinary system measurements
67,Yurik,Cochrane,ycochrane1u@cyberchimps.com,Other external fistulization of esophagus
68,Marna,Leftbridge,mleftbridge1v@oakley.com,Other operations on thyroid glands
69,Mellisent,Tiery,mtiery1w@unesco.org,Visual evoked potential [VEP]
70,Shelby,Roomes,sroomes1x@diigo.com,Goniotomy with goniopuncture
71,Salvatore,Thurlby,sthurlby1y@zimbio.com,Open and other replacement of aortic valve
72,Stacee,Kemmet,skemmet1z@umn.edu,"Arthroscopy, elbow"
73,Chane,Gulley,cgulley20@eepurl.com,Repair of scleral staphyloma with graft
74,Dael,Taysbil,dtaysbil21@skype.com,Other local excision or destruction of lesion or tissue of lung
75,Shelbi,Fine,sfine22@bbb.org,Pressure measurement of sphincter of Oddi
76,Carlin,Trigwell,ctrigwell23@mysql.com,Other repair of penis
77,Allianora,Demschke,ademschke24@github.io,Other diagnostic procedures on uterus and supporting structures
78,Bordy,Cadagan,bcadagan25@ycombinator.com,Aspiration curettage following delivery or abortion
79,Karilynn,Gellibrand,kgellibrand26@biblegateway.com,Bilateral reduction mammoplasty
80,Lona,Pickthorne,lpickthorne27@arstechnica.com,"Limb shortening procedures, unspecified site"
81,Nancie,Ince,nince28@pinterest.com,Myotomy of hand
82,Shanon,Etheredge,setheredge29@ocn.ne.jp,"Microscopic examination of peritoneal and retroperitoneal specimen, cell block and Papanicolaou smear"
83,Si,Tiery,stiery2a@hugedomains.com,Replacement of wound catheter
84,Renell,Novacek,rnovacek2b@paginegialle.it,Cauterization of hemorrhoids
85,Korney,Ewdale,kewdale2c@hud.gov,Suture of laceration of salivary gland
86,Tannie,Havesides,thavesides2d@msn.com,Obliteration and total excision of vagina
87,Karyn,Neissen,kneissen2e@google.nl,Probing of salivary duct
88,Ludovika,Nickols,lnickols2f@virginia.edu,Closed [aspiration] [needle] [percutaneous] biopsy of pancreas
89,Frank,Beceril,fbeceril2g@blogger.com,"Total ostectomy, patella"
90,Gusta,Crolla,gcrolla2h@kickstarter.com,"Microscopic examination of specimen from operative wound, bacterial smear"
91,Augusto,Barnaclough,abarnaclough2i@earthlink.net,Other excision or destruction of uterus and supporting structures
92,Koenraad,Dodman,kdodman2j@utexas.edu,Parathyroid scan
93,Kanya,Ledwidge,kledwidge2k@patch.com,Other tenonectomy
94,Marcille,Matisoff,mmatisoff2l@fastcompany.com,Unilateral injection into breast for augmentation
95,Corie,Jilkes,cjilkes2m@adobe.com,Other interview and evaluation
96,Bertina,Monkman,bmonkman2n@hubpages.com,Removal of valve from vas deferens
97,Jobie,Lembrick,jlembrick2o@prnewswire.com,Lymphangiogram of lower limb
98,Reiko,Grindall,rgrindall2p@washington.edu,Continuous invasive mechanical ventilation for less than 96 consecutive hours
99,Herc,Elletson,helletson2q@bandcamp.com,"Other local excision or destruction of lesion of joint, other specified sites"
100,Garwin,Jeff,gjeff2r@fc2.com,Open reduction of dislocation of unspecified site
101,Helga,Whear,hwhear2s@wired.com,Combined alcohol and drug rehabilitation and detoxification
102,Ruby,Maffei,rmaffei2t@prlog.org,Exenteration of orbit with removal of adjacent structures
103,Madella,Olenikov,molenikov2u@1688.com,Implantation of total internal biventricular heart replacement system
104,Daniela,Lamb,dlamb2v@hp.com,Ocular prosthetics
105,Peggie,Mish,pmish2w@sakura.ne.jp,Exteriorization of large intestine
106,Claudian,Ghilardi,cghilardi2x@1und1.de,"Closed reduction of fracture with internal fixation, unspecified site"
107,Iago,Ganning,iganning2y@linkedin.com,Immediate postpartum manual replacement of inverted uterus
108,Randell,Matteuzzi,rmatteuzzi2z@dyndns.org,Puncture of lung
109,Sibby,Cullon,scullon30@miibeian.gov.cn,Imageless computer assisted surgery
110,Dane,Landy,dlandy31@t-online.de,Insertion of intra-aneurysm sac pressure monitoring device (intraoperative)
111,Basile,MacSorley,bmacsorley32@google.co.uk,"Total ostectomy, scapula, clavicle, and thorax [ribs and sternum]"
112,Ethelyn,Kyne,ekyne33@salon.com,Pyelotomy
113,Burch,Discombe,bdiscombe34@bluehost.com,Biopsy of nose
114,Dagny,Simmonds,dsimmonds35@surveymonkey.com,Anastomosis of gallbladder to pancreas
115,Brandea,Plante,bplante36@feedburner.com,Implantation of prosthetic cardiac support device around the heart
116,Salomo,Jansik,sjansik37@nba.com,Phonocardiogram with ECG lead
117,Wilhelmine,Gresly,wgresly38@ameblo.jp,"Male sterilization procedure, not otherwise specified"
118,Marita,Balasin,mbalasin39@alibaba.com,Amnioscopy
119,Ariela,Ochiltree,aochiltree3a@pagesperso-orange.fr,"Other excision of vessels, lower limb veins"
120,Pennie,Walenta,pwalenta3b@etsy.com,Dilation of ureteral meatus
121,Thibaud,Fresson,tfresson3c@liveinternet.ru,Replantation of scalp
122,Aubry,Budge,abudge3d@amazon.de,Revision of anastomosis of large intestine
123,Lissi,Shewsmith,lshewsmith3e@google.com.br,Thoracoscopic partial excision of thymus
124,Claudia,Gorvin,cgorvin3f@mlb.com,Impedance phlebography
125,Giffy,Pawlick,gpawlick3g@statcounter.com,Transposition of nipple
126,Corabel,Bewley,cbewley3h@google.es,Full-mouth x-ray of teeth
127,Lindon,Richen,lrichen3i@ask.com,"Microscopic examination of blood, parasitology"
128,Shae,Hargreves,shargreves3j@ucoz.com,Laparoscopic revision of gastric restrictive procedure
129,Kessia,Hambling,khambling3k@stumbleupon.com,Injection of anesthetic into peripheral nerve for analgesia
130,Caitrin,Hew,chew3l@cpanel.net,Closed [endoscopic] biopsy of small intestine
131,Clarinda,Botger,cbotger3m@icio.us,Other electroshock therapy
132,Danie,Jacquemard,djacquemard3n@stanford.edu,Closure of nephrostomy and pyelostomy
133,Garvin,Gummow,ggummow3o@vimeo.com,Replacement of any type pacemaker device with dual-chamber device
134,Vasilis,Ibbott,vibbott3p@chron.com,"Limb lengthening procedures, humerus"
135,Normand,Petrolli,npetrolli3q@is.gd,Carporadial fusion
136,Laetitia,Benkhe,lbenkhe3r@themeforest.net,Radical pancreaticoduodenectomy
137,Cordelia,Kalf,ckalf3s@flickr.com,Closed reduction of dislocation of hand and finger
138,Page,Luberto,pluberto3t@va.gov,Antesternal esophagogastrostomy
139,Jo,Toffoloni,jtoffoloni3u@blogs.com,Other open umbilical herniorrhaphy
140,Kermie,Chasney,kchasney3v@myspace.com,Other intra-abdominal vascular shunt or bypass
141,Francois,Simner,fsimner3w@parallels.com,Insertion of recombinant bone morphogenetic protein
142,Karol,Westall,kwestall3x@naver.com,"Excision of lacrimal gland, not otherwise specified"
143,Ara,Lorence,alorence3y@rakuten.co.jp,"Osteopathic manipulative treatment using isotonic, isometric forces"
144,Marlon,Ettery,mettery3z@123-reg.co.uk,Fitting of prosthesis of lower arm and hand
145,Antonie,Anfrey,aanfrey40@nhs.uk,Cyclodiathermy
146,Betsey,Treske,btreske41@toplist.cz,Magnetic resonance imaging of musculoskeletal
147,Sim,Poizer,spoizer42@foxnews.com,Interphalangeal fusion
148,Margalit,Charlin,mcharlin43@networksolutions.com,Excision of anus
149,Jennilee,Keaton,jkeaton44@booking.com,Imageless computer assisted surgery
150,Cornelius,Dehm,cdehm45@npr.org,Percutaneous abdominal drainage
151,Ericha,Scandwright,escandwright46@accuweather.com,Other repair of ankle
152,Ulla,Styche,ustyche47@apache.org,"Microscopic examination of specimen from upper gastrointestinal tract and of vomitus, parasitology"
153,Lauren,Probbings,lprobbings48@columbia.edu,Cystoscopy through artificial stoma
154,Woodrow,Durram,wdurram49@woothemes.com,Bilateral reduction mammoplasty
155,Mordecai,Gabbitas,mgabbitas4a@bigcartel.com,Excision or destruction of lesion or tissue of tongue
156,Audry,Pyecroft,apyecroft4b@nps.gov,Biopsy of lymphatic structure
157,Drugi,Whitlaw,dwhitlaw4c@yellowpages.com,P32 and other tracer studies of eye
158,Silas,Browell,sbrowell4d@ihg.com,Quadricepsplasty
159,Fidel,Bardwall,fbardwall4e@bigcartel.com,Intra-operative coronary fluorescence vascular angiography
160,Dalis,Jocelyn,djocelyn4f@soundcloud.com,Other and open repair of other hernia of anterior abdominal wall with graft or prosthesis
161,Daveen,Knapper,dknapper4g@cnn.com,Vaginal repair of chronic inversion of uterus
162,Jobyna,Randals,jrandals4h@auda.org.au,Open excision or destruction of other lesion or tissue of bladder
163,Vasily,Tisun,vtisun4i@rakuten.co.jp,"Resection of vessel with anastomosis, other vessels of head and neck"
164,Laryssa,Janicek,ljanicek4j@tiny.cc,"Insertion of bone growth stimulator, other bones"
165,Reiko,Hatherleigh,rhatherleigh4k@stumbleupon.com,Suture of laceration of sclera
166,Teodoro,Chippindale,tchippindale4l@comcast.net,"Other repair or plastic operations on bone, tarsals and metatarsals"
167,Bone,Seamans,bseamans4m@tuttocitta.it,Other bilateral endoscopic destruction or occlusion of fallopian tubes
168,Becka,Beiderbecke,bbeiderbecke4n@comcast.net,Therapeutic photopheresis
169,Evelyn,Giovanizio,egiovanizio4o@va.gov,Other radiotherapeutic procedure
170,Keriann,Hallowes,khallowes4p@51.la,Other adjustment of lid position
171,Shelley,Titcomb,stitcomb4q@nbcnews.com,Closure of salivary fistula
172,Leyla,McCracken,lmccracken4r@clickbank.net,"Microscopic examination of specimen from spleen and of bone marrow, toxicology"
173,Ivan,Puleque,ipuleque4s@over-blog.com,Open and other replacement of pulmonary valve
174,Gherardo,Crummy,gcrummy4t@bbc.co.uk,"Microscopic examination of specimen from operative wound, culture and sensitivity"
175,Galvin,Bredes,gbredes4u@51.la,Excision or destruction of testicular lesion
176,Horton,Budgeon,hbudgeon4v@thetimes.co.uk,Bilateral radical mastectomy
177,Lorain,Garford,lgarford4w@paginegialle.it,"Other incision, excision, and destruction of inner ear"
178,Foss,Liddall,fliddall4x@princeton.edu,Incision of mastoid
179,Sharla,Bandy,sbandy4y@fastcompany.com,Salpingectomy with removal of tubal pregnancy
180,Lilas,Devonport,ldevonport4z@e-recht24.de,Other skeletal x-ray of pelvis and hip
181,Evvie,Calow,ecalow50@sciencedirect.com,Excision or destruction of other lesion of external ear
182,Guinevere,Ratchford,gratchford51@foxnews.com,"Free skin graft, not otherwise specified"
183,Jeanelle,Traves,jtraves52@digg.com,"Other excision of joint, shoulder"
184,Lanette,Bearcroft,lbearcroft53@xing.com,Fat graft of skin and subcutaneous tissue
185,Jenda,Ennew,jennew54@google.pl,Other local excision or destruction of lesion or tissue of skin and subcutaneous tissue
186,Shandra,Inger,singer55@google.ca,Orchiopexy
187,Doyle,Sadgrove,dsadgrove56@aboutads.info,Thigh reattachment
188,Norah,Basilotta,nbasilotta57@nyu.edu,Delayed closure of granulating abdominal wound
189,Christabella,Kretschmer,ckretschmer58@kickstarter.com,Other operations of abdominal region
190,Stephanus,Piggford,spiggford59@qq.com,Gastrointestinal scan and radioisotope function study
191,Rickert,McKeating,rmckeating5a@blogtalkradio.com,"Microscopic examination of specimen from unspecified site, other microscopic examination"
192,Roderich,Pollington,rpollington5b@princeton.edu,Other incision with drainage of skin and subcutaneous tissue
193,Maurits,Duckham,mduckham5c@reverbnation.com,Other operations on vulva
194,Suzanne,Ganley,sganley5d@sphinn.com,"Skeletal x-ray of upper limb, not otherwise specified"
195,Carl,Vonasek,cvonasek5e@mapy.cz,Exposure of tooth
196,Beverlee,Eccleshare,beccleshare5f@abc.net.au,Therapeutic photopheresis
197,Nessi,Vinau,nvinau5g@ftc.gov,Transposition of cranial and peripheral nerves
198,Esme,Ridde,eridde5h@gnu.org,"Biopsy of joint structure, elbow"
199,Warren,Heugh,wheugh5i@seattletimes.com,Excision or destruction of lesion or tissue of abdominal wall or umbilicus
200,Chryste,Scarratt,cscarratt5j@icq.com,Gynecological examination
201,Smith,Vakhlov,svakhlov5k@tripod.com,"Dorsal and dorsolumbar fusion of the anterior column, anterior technique"
202,Emlynn,Meco,emeco5l@issuu.com,Other muscle transposition
203,Didi,Sculpher,dsculpher5m@phoca.cz,Large-to-large intestinal anastomosis
204,Vivyanne,Braidon,vbraidon5n@hp.com,Subconjunctival injection
205,Dennison,Leyburn,dleyburn5o@infoseek.co.jp,Skeletal x-ray of elbow and forearm
206,Marius,Zotto,mzotto5p@elpais.com,Total breech extraction with forceps to aftercoming head
207,Simonette,Clist,sclist5q@jigsy.com,High gastric bypass
208,Cameron,Atteridge,catteridge5r@amazon.de,"Total ostectomy, tarsals and metatarsals"
209,Vanessa,Pitcaithly,vpitcaithly5s@utexas.edu,"Microscopic examination of specimen from lymph node and of lymph, culture and sensitivity"
210,Trent,Puttock,tputtock5t@census.gov,Neuroleptic therapy
211,Harvey,Pearsey,hpearsey5u@soup.io,Biopsy of cornea
212,Sargent,Hebble,shebble5v@barnesandnoble.com,Plastic operation on hand with other graft or implant
213,Etienne,Rantoul,erantoul5w@hexun.com,Destruction of chorioretinal lesion by xenon arc photocoagulation
214,Rena,Dyster,rdyster5x@google.nl,Other destruction of intervertebral disc
215,Ebba,Hanning,ehanning5y@diigo.com,"Other division of bone, tibia and fibula"
216,Sophey,Bantick,sbantick5z@nifty.com,"Other division of bone, radius and ulna"
217,Donica,Stanner,dstanner60@elpais.com,Other diagnostic procedures on esophagus
218,Hallie,Silverthorn,hsilverthorn61@google.cn,Removal of intraocular foreign body from anterior segment of eye with use of magnet
219,Joya,Schoenleiter,jschoenleiter62@google.it,Other artificial rupture of membranes
220,Karissa,Campsall,kcampsall63@example.com,Repair of oval and round windows
221,Meridith,Fedorski,mfedorski64@etsy.com,Pelvic evisceration
222,Kenyon,Pierrepoint,kpierrepoint65@goo.ne.jp,Closed reduction of dislocation of ankle
223,Francis,Etchells,fetchells66@csmonitor.com,Replacement of automatic cardioverter/defibrillator lead(s) only
224,Mar,Forst,mforst67@wikia.com,Other operations on urethra and periurethral tissue
225,Connie,Shufflebotham,cshufflebotham68@mapy.cz,Percutaneous atherectomy of extracranial vessel(s)
226,Lilia,Beamiss,lbeamiss69@harvard.edu,"Repair of diaphragmatic hernia with thoracic approach, not otherwise specified"
227,Ricki,Meenehan,rmeenehan6a@bluehost.com,Other glaucoma procedures
228,Shurlock,Stallen,sstallen6b@wisc.edu,"Closed reduction of fracture without internal fixation, tibia and fibula"
229,Sheppard,Nockells,snockells6c@meetup.com,Audiological evaluation
230,Shamus,Scowen,sscowen6d@ox.ac.uk,"Synovectomy, hand and finger"
231,Berkley,Mowles,bmowles6e@cornell.edu,"Microscopic examination of specimen from bladder, urethra, prostate, seminal vesicle, perivesical tissue, and of urine and semen, toxicology"
232,Blisse,Shackleton,bshackleton6f@unesco.org,Pericardiectomy
233,Myrah,Hayto,mhayto6g@columbia.edu,Manual rupture of joint adhesions
234,Roby,Thresh,rthresh6h@stumbleupon.com,"Microscopic examination of specimen from lymph node and of lymph, other microscopic examination"
235,Evyn,Wearing,ewearing6i@shinystat.com,Infusion of liquid brachytherapy radioisotope
236,Stormie,Swadlin,sswadlin6j@google.it,Administration of measles-mumps-rubella vaccine
237,Clark,Delgaty,cdelgaty6k@microsoft.com,"Gluteal artery perforator (GAP) flap, free"
238,Barbette,Adcocks,badcocks6l@infoseek.co.jp,"Microscopic examination of specimen from spleen and of bone marrow, culture and sensitivity"
239,Billie,Binne,bbinne6m@google.co.jp,Exploratory thoracotomy
240,Sisely,Vuittet,svuittet6n@cyberchimps.com,Laparoscopic total intra-abdominal colectomy
241,Winslow,Cisec,wcisec6o@admin.ch,"Other surgical occlusion of vessels, aorta, abdominal"
242,Brigham,Stiant,bstiant6p@geocities.jp,"Diagnostic procedures on bone, not elsewhere classified, femur"
243,Suki,McConville,smcconville6q@theguardian.com,"Diagnostic procedures on bone, not elsewhere classified, femur"
244,Tiebout,Cosslett,tcosslett6r@ted.com,Other diagnostic procedures on scrotum and tunica vaginalis
245,Kanya,Killingsworth,kkillingsworth6s@mlb.com,Endovascular embolization or occlusion of vessel(s) of head or neck using bare coils
246,Florrie,Storrock,fstorrock6t@wikimedia.org,Drainage of appendiceal abscess
247,Pru,Killimister,pkillimister6u@paginegialle.it,Enucleation of eyeball with other synchronous implant
248,Delmor,Edgett,dedgett6v@weather.com,Cardiovascular stress test using bicycle ergometer
249,Katerina,Vedeniktov,kvedeniktov6w@goo.ne.jp,"Total ostectomy, radius and ulna"
250,Elenore,Stygall,estygall6x@bloglovin.com,Other repair of liver
251,Enrique,Spowage,espowage6y@tripadvisor.com,Excision of lesion or tissue of spleen
252,Jeniffer,Allbut,jallbut6z@ifeng.com,Ureteroscopy
253,Albertina,Nono,anono70@cnn.com,Salpingo-oophorostomy
254,Cherie,Radden,cradden71@census.gov,"Other diagnostic procedures on chest wall, pleura, and diaphragm"
255,Biddy,Blundan,bblundan72@tinyurl.com,Reconstruction of surgically divided vas deferens
256,Michal,Barnewelle,mbarnewelle73@mlb.com,Replacement of (naso-)gastric or esophagostomy tube
257,Cristy,Shane,cshane74@amazon.de,Insertion of testicular prosthesis
258,Tasia,Scourge,tscourge75@cbc.ca,Ocular prosthetics
259,Davin,Frearson,dfrearson76@shop-pro.jp,"Microscopic examination of specimen from ear, nose, throat, and larynx, cell block and Papanicolaou smear"
260,Obediah,Sproule,osproule77@hc360.com,Incision of external auditory canal
261,Gris,Stadding,gstadding78@auda.org.au,Anastomosis of hepatic duct to gastrointestinal tract
262,Neville,Burleigh,nburleigh79@admin.ch,"Division of joint capsule, ligament, or cartilage, hand and finger"
263,Sharai,Groneway,sgroneway7a@goodreads.com,Other plastic operations on tendon
264,Joanne,Russo,jrusso7b@wufoo.com,"Microscopic examination of specimen from lymph node and of lymph, culture"
265,Mata,Leese,mleese7c@ibm.com,Suture of corneal laceration
266,Buckie,Jolin,bjolin7d@github.com,Ligation of ureter
267,Marjory,Hyman,mhyman7e@gnu.org,Transplant from live non-related donor
268,Karalee,Lindores,klindores7f@spiegel.de,Other diagnostic procedures on spinal cord and spinal canal structures
269,Eberto,Muzzall,emuzzall7g@vistaprint.com,Other operations on extraocular muscles and tendons
270,Marv,Dillow,mdillow7h@topsy.com,"Implantation or replacement of cochlear prosthetic device, not otherwise specified"
271,Waite,Sebley,wsebley7i@deviantart.com,Other operations on stomach
272,Blayne,Metzke,bmetzke7j@miibeian.gov.cn,"Local excision of lesion or tissue of bone, carpals and metacarpals"
273,Gloriane,Bowkley,gbowkley7k@furl.net,"Closed reduction of separated epiphysis, other specified bone"
274,Delcina,Bromilow,dbromilow7l@goo.ne.jp,Laparoscopic oophorotomy
275,Orelee,Rignoldes,orignoldes7m@senate.gov,Repair of recurrent dislocation of shoulder
276,Robbie,Coton,rcoton7n@rakuten.co.jp,Other mid forceps operation
277,Callida,Strephan,cstrephan7o@si.edu,Dysphasia training
278,Kenyon,Gwillym,kgwillym7p@canalblog.com,Destruction of chorioretinal lesion by implantation of radiation source
279,Renard,Deverose,rdeverose7q@noaa.gov,Insertion or replacement of multiple array (two or more) rechargeable neurostimulator pulse generator
280,Charin,Petracco,cpetracco7r@biblegateway.com,Insertion of laminaria
281,Regina,Theobalds,rtheobalds7s@theglobeandmail.com,"Ligation and stripping of varicose veins, unspecified site"
282,Dunc,Winchcum,dwinchcum7t@wikispaces.com,Nonmechanical methods of resuscitation
283,Felicio,Guille,fguille7u@hubpages.com,"Local excision of lesion or tissue of bone, unspecified site"
284,Della,Marshallsay,dmarshallsay7v@homestead.com,Infusion of immunosuppressive antibody therapy
285,Berkie,Mulberry,bmulberry7w@apple.com,Other and unspecified subtotal abdominal hysterectomy
286,Crawford,Quinet,cquinet7x@craigslist.org,Endovascular replacement of pulmonary valve
287,Dulciana,Brahams,dbrahams7y@cpanel.net,Insertion of vaginal mold
288,Joey,Wildin,jwildin7z@google.pl,Removal of both testes at same operative episode
289,Kellia,Ovid,kovid80@bloglovin.com,Other operations on hypophysis
290,Reilly,Biddlecombe,rbiddlecombe81@vk.com,"Removal of penetrating foreign body from eye, not otherwise specified"
291,Sindee,Goodread,sgoodread82@purevolume.com,Reopening of craniotomy site
292,Aleta,Osgardby,aosgardby83@nasa.gov,Frontal sinusectomy
293,Kimmy,Fayerman,kfayerman84@netlog.com,Other repair of omentum
294,Isabel,Vivien,ivivien85@home.pl,Other repair of middle ear
295,Claiborn,Marrion,cmarrion86@list-manage.com,Decompression chamber
296,Kristel,Purkins,kpurkins87@biglobe.ne.jp,"Ileostomy, not otherwise specified"
297,Jerrie,Thurlbourne,jthurlbourne88@over-blog.com,Implantation of cardiomyostimulation system
298,Adriane,Luxmoore,aluxmoore89@google.es,Open biopsy of uterus
299,Randie,Struthers,rstruthers8a@aol.com,Internal and combined version with extraction
300,Jeannette,Desforges,jdesforges8b@freewebs.com,Repair of blepharoptosis by frontalis muscle technique with suture
301,Annette,Titta,atitta8c@i2i.jp,Other pancreatotomy
302,Lennie,Gatherer,lgatherer8d@symantec.com,"Open reduction of fracture with internal fixation, femur"
303,Lynea,Batterbee,lbatterbee8e@xrea.com,Proctoclysis
304,Hendrick,Leyland,hleyland8f@cornell.edu,"Unspecified operation on bone injury, femur"
305,Dorita,Sheal,dsheal8g@economist.com,Other lamellar keratoplasty
306,Milzie,Relfe,mrelfe8h@ezinearticles.com,Contrast epididymogram
307,Christos,Dillingstone,cdillingstone8i@yahoo.com,Insertion of valve in vas deferens
308,Laurena,Deppen,ldeppen8j@feedburner.com,Urethral pressure profile [UPP]
309,Darren,Kyd,dkyd8k@harvard.edu,Other operations on cul-de-sac
310,Benni,Ackerley,backerley8l@bigcartel.com,Enlargement of existing atrial septal defect
311,Ozzie,Petrasch,opetrasch8m@reuters.com,"Reconstruction of eyelid involving lid margin, partial-thickness"
312,Lindy,Krishtopaittis,lkrishtopaittis8n@baidu.com,Endoscopic pulmonary airway flow measurement
313,Britt,Abrey,babrey8o@google.co.uk,Pharyngoscopy
314,Merilee,Jurkiewicz,mjurkiewicz8p@feedburner.com,Resection of one extraocular muscle
315,Cathy,Clear,cclear8q@phpbb.com,Rigid proctosigmoidoscopy
316,Jarret,Brevitt,jbrevitt8r@wordpress.com,Aspiration of testis
317,Annice,Rittelmeyer,arittelmeyer8s@tinypic.com,Total knee replacement
318,Aldon,Crosthwaite,acrosthwaite8t@walmart.com,Magnetic removal of embedded foreign body from cornea
319,Sammy,Master,smaster8u@independent.co.uk,Other repair of nasal sinus
320,Harmony,Dominico,hdominico8v@i2i.jp,Open biopsy of kidney
321,Susanne,Dacre,sdacre8w@ycombinator.com,"Other diagnostic procedures on muscle, tendon, fascia, and bursa, including that of hand"
322,Wini,Sidwick,wsidwick8x@typepad.com,Incision of testis
323,Gabriele,Spread,gspread8y@wp.com,Suture of laceration of spermatic cord and epididymis
324,Mariana,McKerrow,mmckerrow8z@phoca.cz,"Limb lengthening procedures, other bones"
325,Angy,Rime,arime90@biblegateway.com,Muscle transfer or transplantation
326,Demetra,Eslinger,deslinger91@livejournal.com,Conjunctivorhinostomy with insertion of tube or stent
327,Sherlocke,Massimi,smassimi92@quantcast.com,"Other local excision or destruction of lesion of joint, hand and finger"
328,Ellissa,Ivel,eivel93@ox.ac.uk,"Internal fixation of bone without fracture reduction, scapula, clavicle, and thorax [ribs and sternum]"
329,Justinn,Legrave,jlegrave94@pagesperso-orange.fr,"Microscopic examination of specimen from operative wound, culture and sensitivity"
330,Creigh,Kleinmann,ckleinmann95@marriott.com,Other suprapubic cystostomy
331,Maddy,Veltmann,mveltmann96@dyndns.org,Other transurethral excision or destruction of lesion or tissue of bladder
332,Wesley,Malyj,wmalyj97@deviantart.com,Other total reconstruction of breast
333,Theodora,Fullylove,tfullylove98@ted.com,Replacement of tube or enterostomy device of large intestine
334,Carlotta,Medgewick,cmedgewick99@icio.us,Computerized axial tomography of thorax
335,Ingra,Minty,iminty9a@weather.com,Skeletal x-ray of shoulder and upper arm
336,Selene,Girardoni,sgirardoni9b@msn.com,Ureteroneocystostomy
337,Bernie,Ferrelli,bferrelli9c@slideshare.net,Aspiration of ovary
338,Gusella,Presnall,gpresnall9d@census.gov,"Endoscopic insertion or replacement of bronchial valve(s), single lobe"
339,Becca,Mogenot,bmogenot9e@dropbox.com,"Microscopic examination of specimen from lower gastrointestinal tract and of stool, bacterial smear"
340,Marlyn,Libbey,mlibbey9f@redcross.org,"Other arthrotomy, wrist"
341,Sheryl,Pallaske,spallaske9g@nyu.edu,"Other partial ostectomy, tarsals and metatarsals"
342,Mario,Sandell,msandell9h@i2i.jp,Open biopsy of breast
343,Reinwald,Flinn,rflinn9i@lycos.com,"Unspecified operation on bone injury, phalanges of foot"
344,Tova,Dearl,tdearl9j@oakley.com,Extraction of fat for graft or banking
345,Axel,McAlpine,amcalpine9k@tripod.com,Root canal therapy with apicoectomy
346,Asa,De Anesy,adeanesy9l@devhub.com,Excision of branchial cleft cyst or vestige
347,Ignacio,Fishbourne,ifishbourne9m@webnode.com,Training in joint movements
348,Pepillo,Leverton,pleverton9n@github.com,Open biopsy of nasal sinus
349,Elberta,Laskey,elaskey9o@pbs.org,Other parathyroidectomy
350,Wit,Boarer,wboarer9p@fc2.com,Radical glossectomy
351,Tammie,Bryde,tbryde9q@bigcartel.com,Other operations on orbit
352,Ophelia,McMorran,omcmorran9r@sciencedirect.com,Fitting of orthotic device
353,Jeno,Jeannot,jjeannot9s@rediff.com,"Microscopic examination of blood, other microscopic examination"
354,Lock,Chace,lchace9t@usda.gov,Spinal traction using skull device
355,Ozzie,Szymon,oszymon9u@umich.edu,Other excision of salivary gland lesion
356,Marilyn,Ladon,mladon9v@stanford.edu,Mediastinoscopy
357,Fabien,Dominici,fdominici9w@liveinternet.ru,Procedure on single vessel
358,Pammie,Bisp,pbisp9x@nasa.gov,Repair of blood vessel with tissue patch graft
359,Chris,Donohoe,cdonohoe9y@taobao.com,Endoscopic retrograde cholangiography [ERC]
360,Corilla,Duffield,cduffield9z@drupal.org,"Substernal thyroidectomy, not otherwise specified"
361,Beatrice,Handasyde,bhandasydea0@usatoday.com,Biopsy of fallopian tube
362,Katy,Marskell,kmarskella1@google.com.br,Closure of fistula of thoracic duct
363,Wenda,Toderini,wtoderinia2@squarespace.com,Fitting of denture
364,Neddy,Wringe,nwringea3@google.it,Biopsy of heart
365,Baxter,Bottrell,bbottrella4@mapquest.com,Revision of cutaneous uretero-ileostomy
366,Sela,Weben,swebena5@wunderground.com,Amputation above knee
367,Lynde,Askaw,laskawa6@google.fr,Excision of tendon of hand for graft
368,Westleigh,Mazzey,wmazzeya7@chronoengine.com,Plication of urethrovesical junction
369,Danice,Murrhardt,dmurrhardta8@friendfeed.com,Incision of periprostatic tissue
370,James,Frenchum,jfrenchuma9@accuweather.com,Control of hemorrhage following vascular surgery
371,Francine,Lockner,flockneraa@tamu.edu,Other radiotherapeutic procedure
372,Alfreda,Bohl,abohlab@moonfruit.com,Prophylactic vaccination against other arthropod-borne viral diseases
373,Rhody,Edmondson,redmondsonac@vinaora.com,Percutaneous insertion of intracranial vascular stent(s)
374,Gleda,Nother,gnotherad@sina.com.cn,Ligation of adrenal vessels
375,Inna,Acory,iacoryae@youtu.be,Color vision study
376,Lula,Gurner,lgurneraf@nsw.gov.au,Aortography
377,Talia,Prichet,tprichetag@studiopress.com,Laparoscopic biopsy of ovary
378,Ava,Oliphard,aoliphardah@elpais.com,"Incision of vessel, lower limb veins"
379,Valma,Reynalds,vreynaldsai@alibaba.com,Release of chordee
380,Priscella,Songer,psongeraj@dyndns.org,Other repair of uterus
381,Bartholemy,Vlasin,bvlasinak@gov.uk,Other vacuum extraction
382,Tiffanie,Hitter,thitteral@linkedin.com,Muscle flap graft to breast
383,Randene,Parr,rparram@ustream.tv,Other and open repair of direct inguinal hernia
384,Gray,Gowenlock,ggowenlockan@com.com,Other transurethral excision or destruction of lesion or tissue of bladder
385,Ula,Hovee,uhoveeao@trellian.com,Osteopathic manipulative treatment for general mobilization
386,Riordan,Bracey,rbraceyap@engadget.com,Other reconstruction of mandible
387,Currie,Senner,csenneraq@alibaba.com,Other excision or destruction of lesion or tissue of pancreas or pancreatic duct
388,Layton,Sambrok,lsambrokar@wsj.com,Transfusion of coagulation factors
389,Jorge,Arbuckel,jarbuckelas@columbia.edu,Implantation of chemotherapeutic agent
390,Harley,Moyse,hmoyseat@macromedia.com,Excision of nipple
391,Dale,Manhood,dmanhoodau@1und1.de,Uterine artery embolization [UAE] with coils
392,Denys,Ongin,donginav@hostgator.com,Revision of pedicle-based dynamic stabilization device(s)
393,Marcella,Genthner,mgenthneraw@thetimes.co.uk,Measurement of systemic arterial blood gases
394,Nobe,Hyland,nhylandax@hexun.com,Suture of tendon sheath of hand
395,Darla,Hursey,dhurseyay@wiley.com,Subconjunctival injection
396,Gherardo,Silly,gsillyaz@unblog.fr,Extraction of other tooth
397,Gerty,Watt,gwattb0@usatoday.com,Removal of mechanical kidney
398,Ezmeralda,Leverentz,eleverentzb1@rediff.com,Bilateral nephrectomy
399,Cecelia,Ross,crossb2@barnesandnoble.com,Nephropexy
400,Mandi,Spencook,mspencookb3@networkadvertising.org,Laparoscopic procedures for creation of esophagogastric sphincteric competence
401,Winne,Marishenko,wmarishenkob4@goo.ne.jp,Manual and mechanical traction
402,Brandy,Hunston,bhunstonb5@hc360.com,Closed [endoscopic] [needle] biopsy of nasal sinus
403,Catriona,Pepall,cpepallb6@sciencedirect.com,Excision of tonsil tag
404,Leia,Stoffels,lstoffelsb7@google.it,Puncture of spleen
405,Aloysia,Spedroni,aspedronib8@github.io,Replacement of ureterostomy tube
406,Lucita,Fitchell,lfitchellb9@istockphoto.com,Left heart cardiac catheterization
407,Michaela,Adamovitz,madamovitzba@indiegogo.com,"Insertion of bone growth stimulator, tarsals and metatarsals"
408,Adan,Seamon,aseamonbb@google.co.jp,Closed biopsy of skin and subcutaneous tissue
409,Emilee,Somersett,esomersettbc@w3.org,Destruction of chorioretinal lesion by xenon arc photocoagulation
410,Sheelagh,Hamfleet,shamfleetbd@vkontakte.ru,Anastomosis of small intestine to rectal stump
411,Sammy,Willden,swilldenbe@msu.edu,"Laparoscopic bilateral repair of inguinal hernia, one direct and one indirect, with graft or prosthesis"
412,Gay,Gerrietz,ggerrietzbf@linkedin.com,Closed [needle] biopsy of tongue
413,Fernando,Vasovic,fvasovicbg@wunderground.com,"Debridement of open fracture, unspecified site"
414,Calla,Janovsky,cjanovskybh@patch.com,Tracheoesophageal fistulization
415,Filide,Pizzie,fpizziebi@addthis.com,Shortening procedure on one extraocular muscle
416,Jacquie,Pavese,jpavesebj@liveinternet.ru,Closed endoscopic biopsy of lung
417,Jordana,Letherbury,jletherburybk@tripod.com,Insertion of interbody spinal fusion device
418,Boy,Mallebone,bmallebonebl@1688.com,Blood vessel thermography
419,Carrie,Wedmore.,cwedmorebm@purevolume.com,Partial gastrectomy with jejunal transposition
420,Zerk,Pelman,zpelmanbn@sogou.com,Other reconstruction of urethra
421,Aprilette,Crother,acrotherbo@vkontakte.ru,"Insertion of bone growth stimulator, carpals and metacarpals"
422,Sterling,Ruddy,sruddybp@shop-pro.jp,"Microscopic examination of specimen from ear, nose, throat, and larynx, culture"
423,Laverne,O' Cuolahan,locuolahanbq@princeton.edu,"Excision or destruction of other lesion or tissue of heart, endovascular approach"
424,Kelsey,Corcoran,kcorcoranbr@amazonaws.com,Endoscopic excision or destruction of lesion of biliary ducts or sphincter of Oddi
425,Stanford,Messiter,smessiterbs@jigsy.com,"Routine chest x-ray, so described"
426,Karrie,Stockow,kstockowbt@bloglovin.com,Administration of intelligence test
427,Noby,Bonehill,nbonehillbu@blogspot.com,Percutaneous insertion of carotid artery stent(s)
428,Arlena,Nutman,anutmanbv@people.com.cn,Closure of nasal fistula
429,Helen,Unwins,hunwinsbw@cloudflare.com,"Application of external fixator device, scapula, clavicle, and thorax [ribs and sternum]"
430,Tristam,Bootes,tbootesbx@upenn.edu,Submucous resection of nasal septum
431,Lilias,Dreus,ldreusby@tuttocitta.it,Other and unspecified repair of the anulus fibrosus
432,Malissa,Waulker,mwaulkerbz@oakley.com,Trephination of sclera with iridectomy
433,Gwenni,Emptage,gemptagec0@issuu.com,Repair of blepharoptosis by frontalis muscle technique with fascial sling
434,Elsa,Boorman,eboormanc1@cnbc.com,Adenoidectomy without tonsillectomy
435,Tannie,MacAllen,tmacallenc2@edublogs.org,Intrathoracic lymphangiogram
436,Giavani,Draysay,gdraysayc3@addthis.com,Goniotomy with goniopuncture
437,Tania,Pawel,tpawelc4@bloglovin.com,"Other incision of bone without division, tarsals and metatarsals"
438,Wilbert,Tonkinson,wtonkinsonc5@salon.com,Suture of laceration of trachea
439,Pansie,Handrahan,phandrahanc6@psu.edu,Keratomileusis
440,Carrissa,Duprey,cdupreyc7@typepad.com,"Other surgical occlusion of vessels, abdominal arteries"
441,Margalo,Liddall,mliddallc8@twitpic.com,Suture of laceration of ureter
442,Robinet,Birds,rbirdsc9@gnu.org,Culdoscopy
443,Ivett,Sandbatch,isandbatchca@yale.edu,Excision of hydrocele (of tunica vaginalis)
444,Anetta,Webling,aweblingcb@myspace.com,Other and unspecified ablation of renal lesion or tissue
445,Hagen,Faucherand,hfaucherandcc@hp.com,Operative esophagoscopy by incision
446,Sloan,Skittrell,sskittrellcd@slideshare.net,Hymenectomy
447,Kenyon,Hinze,khinzece@freewebs.com,Insertion of other (naso-)gastric tube
448,Gussi,Brackenridge,gbrackenridgecf@hc360.com,Closed reduction of dislocation of hand and finger
449,Maudie,Cane,mcanecg@toplist.cz,"Wedge osteotomy, tibia and fibula"
450,Kellina,Monini,kmoninich@google.com.hk,Transsacral rectosigmoidectomy
451,Vin,Lodden,vloddenci@qq.com,Evacuation of obstetrical incisional hematoma of perineum
452,Ariadne,Wellen,awellencj@imgur.com,Electro-oculogram [EOG]
453,Gena,Jaksic,gjaksicck@sourceforge.net,"Other local excision or destruction of lesion of joint, knee"
454,Hartwell,Alsobrook,halsobrookcl@so-net.ne.jp,Cardiac mapping
455,Dov,Skermer,dskermercm@xing.com,"Removal of T-tube, other bile duct tube, or liver tube"
456,Gabbie,Gammidge,ggammidgecn@utexas.edu,Double internal mammary-coronary artery bypass
457,Berkly,Trow,btrowco@wordpress.com,"Osteoclasis, other bones"
458,Beatrice,Rapps,brappscp@addthis.com,Contrast radiogram of mammary ducts
459,Marlo,Easdon,measdoncq@redcross.org,Local perfusion of large intestine
460,Alonzo,Mayler,amaylercr@wikimedia.org,Anal cerclage
461,Jarid,Tripe,jtripecs@deliciousdays.com,Other plastic repair of external ear
462,Elsey,Hazlehurst,ehazlehurstct@nifty.com,Retrograde cystourethrogram
463,Orella,Hadley,ohadleycu@symantec.com,Replacement of dental packing
464,Rad,Groucutt,rgroucuttcv@sphinn.com,Other dental operations
465,Jesse,Molyneux,jmolyneuxcw@businessweek.com,Assisted exercise in pool
466,Tonye,Whitford,twhitfordcx@ibm.com,Implantation of cardiomyostimulation system
467,Gert,MacKeeg,gmackeegcy@squarespace.com,Closed [endoscopic] biopsy of pancreatic duct
468,Maitilde,Puddifer,mpuddifercz@youtube.com,Angiocardiography of right heart structures
469,Mirabella,Mosley,mmosleyd0@uiuc.edu,Other active musculoskeletal exercise
470,Zechariah,Aldis,zaldisd1@illinois.edu,"Other operations on muscle, tendon, and fascia of hand"
471,Emylee,Reisk,ereiskd2@instagram.com,Other conversion of cardiac rhythm
472,Preston,Bruinsma,pbruinsmad3@cbsnews.com,Other gallbladder anastomosis
473,Candis,Klimkov,cklimkovd4@msn.com,Thoracoscopic ablation of lung lesion or tissue
474,Vernen,Bescoby,vbescobyd5@desdev.cn,Other and unspecified operations on thymus
475,Maren,McColley,mmccolleyd6@de.vu,Secondary graft to exenteration cavity
476,Merle,Skin,mskind7@umn.edu,"Debridement of open fracture site, humerus"
477,Alvinia,Turn,aturnd8@google.it,Other incision of perirenal or periureteral tissue
478,Bab,Naptine,bnaptined9@noaa.gov,Heart revascularization by arterial implant
479,Dane,Menhenitt,dmenhenittda@alibaba.com,Ligation of ureter
480,Justinn,Skinn,jskinndb@forbes.com,Separation of equal conjoined twins
481,Ludwig,Lackemann,llackemanndc@gizmodo.com,Urinary manometry
482,Carry,Espinho,cespinhodd@de.vu,Angiocardiography of right heart structures
483,Sonnnie,Guidini,sguidinide@psu.edu,Thomas' splint traction
484,Celinka,Wilsone,cwilsonedf@vimeo.com,Computerized axial tomography of head
485,Kyle,Thunderman,kthundermandg@mediafire.com,Implantation of automatic cardioverter/defibrillator pulse generator only
486,Stanislaus,Jensen,sjensendh@ifeng.com,Open heart valvuloplasty of aortic valve without replacement
487,Judith,Oades,joadesdi@t-online.de,Removal of internal biventricular heart replacement system
488,Laney,Dufton,lduftondj@hatena.ne.jp,Hypoglossal-facial anastomosis
489,Carry,Petchell,cpetchelldk@biglobe.ne.jp,Epididymovasostomy
490,Mathilde,Growy,mgrowydl@state.gov,Extracorporeal hepatic assistance
491,Vito,Jephcote,vjephcotedm@census.gov,Closed [endoscopic] biopsy of pancreatic duct
492,Hollie,Dayce,hdaycedn@wix.com,Computer assisted surgery with multiple datasets
493,Janice,Tammadge,jtammadgedo@barnesandnoble.com,Excision of lesion of tunica vaginalis other than hydrocele
494,Tucker,Ferraro,tferrarodp@deviantart.com,"Biopsy of pituitary gland, transfrontal approach"
495,Ingamar,Rubinivitz,irubinivitzdq@mac.com,Other specified osteopathic manipulative treatment
496,Ulysses,Daviot,udaviotdr@google.com.br,Thoracoscopic pneumonectomy
497,Eleonore,Missenden,emissendends@yahoo.co.jp,Excision of hydrocele (of tunica vaginalis)
498,Clem,Carass,ccarassdt@opera.com,"Microscopic examination of specimen from musculoskeletal system and of joint fluid, culture and sensitivity"
499,Humfrey,Seer,hseerdu@epa.gov,Repair of rectocele
500,Ada,Raddenbury,araddenburydv@e-recht24.de,Fenestration of inner ear (initial)
501,Donella,Mettericke,dmetterickedw@ebay.com,Revision of facet replacement device(s)
502,Emily,Tinner,etinnerdx@wiley.com,Irrigation of nasal passages
503,Lina,Grimwood,lgrimwooddy@trellian.com,Fitting of denture
504,Alta,Clint,aclintdz@mapquest.com,"Insertion of bone growth stimulator, tarsals and metatarsals"
505,Ammamaria,O'Hearn,aohearne0@nationalgeographic.com,Training in joint movements
506,Henrik,Forsdyke,hforsdykee1@un.org,Repair of retinal tear by xenon arc photocoagulation
507,Petra,Shieldon,pshieldone2@wp.com,Other diagnostic procedures on ureter
508,Jackelyn,Sowthcote,jsowthcotee3@techcrunch.com,Replacement of wound catheter
509,Willabella,Markson,wmarksone4@ihg.com,"Division of joint capsule, ligament, or cartilage, unspecified site"
510,Almeta,Wein,aweine5@flavors.me,Operations on papillary muscle
511,Lorant,Lewsie,llewsiee6@dion.ne.jp,Skeletal x-ray of shoulder and upper arm
512,Guillema,Drakeford,gdrakeforde7@guardian.co.uk,Biopsy of lip
513,Valentino,Burroughes,vburroughese8@blog.com,Other diagnostic procedures on liver
514,Aldridge,Denyukhin,adenyukhine9@usatoday.com,Total wrist replacement
515,Lynne,Babidge,lbabidgeea@godaddy.com,Angioplasty of other non-coronary vessel(s)
516,Margalit,Alf,malfeb@howstuffworks.com,Other operations on middle and inner ear
517,Aaron,Daw,adawec@pinterest.com,Closure of fistula of uterus
518,Mikaela,People,mpeopleed@mapy.cz,Excision of pilonidal cyst or sinus
519,Charisse,Ashford,cashfordee@tmall.com,"Bilateral repair of inguinal hernia, not otherwise specified"
520,Webb,Tisun,wtisunef@moonfruit.com,Subtotal mastectomy
521,Royal,Dalrymple,rdalrympleeg@telegraph.co.uk,Total wrist replacement
522,Blake,Somerville,bsomervilleeh@biglobe.ne.jp,"Other excision of vessels, abdominal veins"
523,Emlen,Prazor,eprazorei@quantcast.com,"Other operations on skull, brain, and cerebral meninges"
524,Sileas,Jaukovic,sjaukovicej@si.edu,Other reconstruction of conjunctival cul-de-sac
525,Burr,Patshull,bpatshullek@apache.org,Ligation of hemorrhoids
526,Darin,Knath,dknathel@noaa.gov,"Microscopic examination of specimen from liver, biliary tract, and pancreas, bacterial smear"
527,Karalynn,Mazey,kmazeyem@wix.com,Hemodialysis
528,Bron,Bedwell,bbedwellen@goodreads.com,Cystoscopy through artificial stoma
529,Herby,Dummett,hdummetteo@aol.com,Isolation
530,Josephina,Llewhellin,jllewhellinep@xrea.com,Paraurethral suspension
531,Kristi,Trundell,ktrundelleq@feedburner.com,Diagnostic aspiration of anterior chamber of eye
532,Carlota,Rubinfeld,crubinfelder@odnoklassniki.ru,Other operations on hypophysis
533,Redd,Edeson,redesones@webmd.com,Probing of lacrimal punctum
534,Allianora,Wind,awindet@indiegogo.com,Cannulation of thoracic duct
535,Garnette,Gergolet,ggergoleteu@woothemes.com,Percutaneous cardiopulmonary bypass
536,Spence,Dencs,sdencsev@zdnet.com,Fluorescein angiography or angioscopy of eye
537,Salomo,Fawdry,sfawdryew@cbc.ca,Other surgical collapse of lung
538,Arlinda,Duthie,aduthieex@feedburner.com,"Microscopic examination of specimen from other site, other microscopic examination"
539,Atlante,Winfield,awinfieldey@state.tx.us,Application of other cast
540,Juanita,Citrine,jcitrineez@wunderground.com,Contrast radiogram of sinus
541,Blythe,Renoden,brenodenf0@mediafire.com,Other revision of vascular procedure
542,Maddi,Coram,mcoramf1@miitbeian.gov.cn,Replacement of electronic ureteral stimulator
543,Barbabra,McGettigan,bmcgettiganf2@disqus.com,"Limb lengthening procedures, tarsals and metatarsals"
544,Aeriela,Perrat,aperratf3@shutterfly.com,Ureteropexy
545,Tabbie,Rowe,trowef4@comsenz.com,Retropubic prostatectomy
546,Kirsten,Sherebrooke,ksherebrookef5@msn.com,"Other incision of bone without division, unspecified site"
547,Lynnet,Wank,lwankf6@mlb.com,Autologous hematopoietic stem cell transplant without purging
548,Wandis,Gally,wgallyf7@umn.edu,Endoscopic excision or destruction of lesion or tissue of pancreatic duct
549,Perry,Stoves,pstovesf8@paginegialle.it,"Biopsy of joint structure, foot and toe"
550,Man,Eginton,megintonf9@sfgate.com,"Other diagnostic procedures on adrenal glands, pituitary gland, pineal gland, and thymus"
551,Reinaldos,Yerrill,ryerrillfa@blogger.com,Thoracoscopic segmental resection of lung
552,Myrtice,Joy,mjoyfb@dropbox.com,Dysphasia training
553,Rick,Antognetti,rantognettifc@yandex.ru,Other abdominoperineal resection of the rectum
554,Farica,Faust,ffaustfd@odnoklassniki.ru,"Arthroscopy, unspecified site"
555,Rosemary,Legerton,rlegertonfe@nytimes.com,Other unilateral salpingo-oophorectomy
556,Shandie,Hawthorne,shawthorneff@bloglines.com,Percutaneous hepatic cholangiogram
557,Maggie,Coils,mcoilsfg@virginia.edu,Pressure measurement of sphincter of Oddi
558,Leonanie,Marginson,lmarginsonfh@hp.com,Correction of lid retraction
559,Clayborne,Wimpey,cwimpeyfi@apple.com,"Microscopic examination of specimen from endocrine gland, not elsewhere classified, culture and sensitivity"
560,Eydie,Painten,epaintenfj@bbb.org,Other repair of penis
561,Lynnet,Gilardengo,lgilardengofk@senate.gov,Repair of other bile ducts
562,Helenka,Ewens,hewensfl@va.gov,"Open reduction of fracture with internal fixation, other specified bone"
563,Darius,Coll,dcollfm@scribd.com,"Microscopic examination of specimen from endocrine gland, not elsewhere classified, culture"
564,Bronny,Flexman,bflexmanfn@jalbum.net,Application of crown
565,Fowler,Boeter,fboeterfo@utexas.edu,Hemispherectomy
566,Linnie,McGeever,lmcgeeverfp@nps.gov,Ligation of thyroid vessels
567,Franni,Prandy,fprandyfq@unesco.org,Other skeletal x-ray of pelvis and hip
568,Nani,Radmer,nradmerfr@princeton.edu,Other procedures on hemorrhoids
569,Harvey,Blewmen,hblewmenfs@prweb.com,Excision of semilunar cartilage of knee
570,Julee,Burwin,jburwinft@ibm.com,Dilation of urethra
571,Cybil,Durnford,cdurnfordfu@hexun.com,Attachment of pedicle or flap graft to lip and mouth
572,Thom,Brill,tbrillfv@paginegialle.it,Suture of laceration of trachea
573,Lory,Pitson,lpitsonfw@pen.io,Other diagnostic procedures on scrotum and tunica vaginalis
574,Hale,Paz,hpazfx@list-manage.com,Soave submucosal resection of rectum
575,Gates,Avrahamof,gavrahamoffy@earthlink.net,"Esophagectomy, not otherwise specified"
576,Flss,De Giorgio,fdegiorgiofz@macromedia.com,"Arthrotomy for removal of prosthesis without replacement, foot and toe"
577,Kerrin,Tidcomb,ktidcombg0@vkontakte.ru,"Excisional debridement of wound, infection, or burn"
578,Nettie,Shugg,nshuggg1@webs.com,Removal of vaginal diaphragm
579,Galen,Harle,gharleg2@gov.uk,Other fixation of small intestine
580,Peta,Snelle,psnelleg3@biblegateway.com,Endoscopic excision or destruction of lesion of duodenum
581,Daveta,Metterick,dmetterickg4@samsung.com,Extracorporeal shockwave lithotripsy of other sites
582,Melva,Hodcroft,mhodcroftg5@princeton.edu,Manual examination of breast
583,Drona,MacKeeg,dmackeegg6@gravatar.com,Atherectomy of other non-coronary vessel(s)
584,Audre,Fladgate,afladgateg7@booking.com,Other incidental appendectomy
585,Lianna,Opy,lopyg8@slate.com,Other destructive procedures on conjunctiva
586,Boonie,Zannuto,bzannutog9@webeden.co.uk,Training in braille or moon
587,Loy,Matzaitis,lmatzaitisga@wiley.com,Removal of breast tissue expander
588,Evin,Cominoli,ecominoligb@com.com,Labial frenectomy
589,Nicole,Woodham,nwoodhamgc@issuu.com,Bilateral extended radical mastectomy
590,Dennie,Danilchik,ddanilchikgd@state.gov,Other gastroscopy
591,Clementius,Rawood,crawoodge@fema.gov,"Microscopic examination of blood, culture and sensitivity"
592,Charlton,Hewins,chewinsgf@oracle.com,Other plastic repair of mouth
593,Cherise,Densun,cdensungg@shareasale.com,Destruction of hemorrhoids by cryotherapy
594,Welbie,Giorgiutti,wgiorgiuttigh@geocities.jp,"Sequestrectomy, patella"
595,Lothaire,Woofendell,lwoofendellgi@bbc.co.uk,Delayed suture of tendon
596,Ralf,Carress,rcarressgj@theguardian.com,"Revision of operative wound of anterior segment, not elsewhere classified"
597,Osmond,Ellam,oellamgk@dmoz.org,Closed [percutaneous] [needle] biopsy of testis
598,Brucie,Colthard,bcolthardgl@comsenz.com,Repair of fistula of vulva or perineum
599,Lindy,Formby,lformbygm@mediafire.com,"Open reduction of separated epiphysis, humerus"
600,Saxe,Rivalant,srivalantgn@mlb.com,"Other excision, fusion and repair of toes"
601,Salomon,Yurkiewicz,syurkiewiczgo@geocities.com,Laparoscopic repair of indirect inguinal hernia with graft or prosthesis
602,Ransell,McGready,rmcgreadygp@cornell.edu,Esophageal speech training
603,Adair,Doone,adoonegq@aol.com,"Refusion of spine, not otherwise specified"
604,Zaria,Puttan,zputtangr@squidoo.com,"Other soft tissue x-ray of face, head, and neck"
605,Ailey,Chisman,achismangs@jugem.jp,Contrast laryngogram
606,Robbi,Scutching,rscutchinggt@whitehouse.gov,Injection of therapeutic substance into pericardium
607,Devlin,Rist,dristgu@lulu.com,"Revision of knee replacement, tibial component"
608,Addie,Bakesef,abakesefgv@sourceforge.net,Renal scan and radioisotope function study
609,Amalea,Thundercliffe,athundercliffegw@smugmug.com,"Microscopic examination of specimen from eye, parasitology"
610,Linell,Buckbee,lbuckbeegx@is.gd,Autopsy
611,Lynelle,Wattisham,lwattishamgy@miitbeian.gov.cn,"Peripheral nerve injection, not otherwise specified"
612,Isis,Yakuntsov,iyakuntsovgz@xrea.com,Other plastic repair of external ear
613,Auberon,Cartmill,acartmillh0@oracle.com,"Internal fixation of bone without fracture reduction, scapula, clavicle, and thorax [ribs and sternum]"
614,Rafael,Symms,rsymmsh1@sfgate.com,"Insertion of bone growth stimulator, tarsals and metatarsals"
615,Monty,Habgood,mhabgoodh2@rambler.ru,Procedure on three vessels
616,Barbette,Gethin,bgethinh3@redcross.org,"Microscopic examination of specimen from skin and other integument, culture and sensitivity"
617,Carlen,Quodling,cquodlingh4@independent.co.uk,Dilation and manipulation of enterostomy stoma
618,Virginia,Baroc,vbaroch5@pinterest.com,Other excision of middle ear
619,Kelsey,Griffen,kgriffenh6@usa.gov,Other auditory and vestibular function tests
620,Judah,Minkin,jminkinh7@flavors.me,Ligation of vas deferens
621,Elysia,Cambden,ecambdenh8@miibeian.gov.cn,Abdominal proctopexy
622,Meghann,Lippitt,mlippitth9@woothemes.com,"Division of joint capsule, ligament, or cartilage, hip"
623,Onida,Van Dale,ovandaleha@stanford.edu,Other repair of penis
624,Lucius,Button,lbuttonhb@reddit.com,Alcoholism counseling
625,Maxi,Domenget,mdomengethc@domainmarket.com,"Microscopic examination of specimen from trachea, bronchus, pleura, lung, and other thoracic specimen, and of sputum, bacterial smear"
626,Nealon,Lidgard,nlidgardhd@mashable.com,"Open reduction of fracture with internal fixation, tibia and fibula"
627,Carling,Whitehall,cwhitehallhe@i2i.jp,Open biopsy of gallbladder or bile ducts
628,Whit,Oakenfull,woakenfullhf@ihg.com,Suture of unspecified blood vessel
629,Cora,Ryhorovich,cryhorovichhg@wired.com,Other destruction of lesion of duodenum
630,Dill,Aronin,daroninhh@jiathis.com,Pharyngotomy
631,Zahara,Le Grand,zlegrandhi@opera.com,"Laparoscopic bilateral repair of inguinal hernia, one direct and one indirect, with graft or prosthesis"
632,Mella,Ledstone,mledstonehj@dailymotion.com,Repair of cystocele and rectocele
633,Wilhelmina,Silkstone,wsilkstonehk@intel.com,Hypoglossal-facial anastomosis
634,Frederic,Daunter,fdaunterhl@tinypic.com,Total excision of pineal gland
635,Cassi,Goley,cgoleyhm@ycombinator.com,Closure of fistula of duodenum
636,Ruprecht,Mannie,rmanniehn@columbia.edu,Open heart valvuloplasty of aortic valve without replacement
637,Tull,Abazi,tabaziho@newsvine.com,"Synovectomy, foot and toe"
638,Saundra,Pinkie,spinkiehp@boston.com,Percutaneous aspiration of liver
639,Phineas,Legate,plegatehq@plala.or.jp,Transfusion of previously collected autologous blood
640,Desmond,Pendle,dpendlehr@yolasite.com,Revision or closure of vesicostomy
641,Maribel,Ducastel,mducastelhs@msn.com,Partial ventriculectomy
642,Karoly,McCullogh,kmcculloghht@apache.org,Repair of esophageal stricture
643,Kerk,Regorz,kregorzhu@360.cn,"Incision of vessel, unspecified site"
644,Bliss,Mackett,bmacketthv@webnode.com,Bilateral adrenalectomy
645,Brent,Carik,bcarikhw@ask.com,Excision of semilunar cartilage of knee
646,Lily,Hanselman,lhanselmanhx@ebay.co.uk,Vesicostomy
647,Johny,Clegg,jclegghy@histats.com,Perineal urethroscopy
648,Davey,Gellan,dgellanhz@barnesandnoble.com,Radical groin dissection
649,Augusta,Habercham,ahaberchami0@artisteer.com,Amputation and disarticulation of finger
650,Cammy,Beddoes,cbeddoesi1@usgs.gov,Incision of abdominal wall
651,Tracie,Zum Felde,tzumfeldei2@behance.net,Removal of tracheostomy tube
652,Sibley,Mainwaring,smainwaringi3@nationalgeographic.com,Suture of capsule or ligament of other lower extremity
653,Lorianna,Chessill,lchessilli4@scribd.com,"Removal of intraocular foreign body from anterior segment of eye, not otherwise specified"
654,Wright,Dennes,wdennesi5@adobe.com,Orchiopexy
655,Zonnya,Francesc,zfrancesci6@prlog.org,Laparoscopic unilateral oophorectomy
656,Peyter,Abbotson,pabbotsoni7@paginegialle.it,"Other partial ostectomy, humerus"
657,Korrie,Benedicto,kbenedictoi8@flickr.com,"Microscopic examination of specimen from operative wound, culture and sensitivity"
658,Riccardo,Dundredge,rdundredgei9@newyorker.com,Referral for drug addiction rehabilitation
659,Tynan,Belhomme,tbelhommeia@elegantthemes.com,Open biopsy of soft tissue
660,Jimmie,Bracegirdle,jbracegirdleib@cbc.ca,Reduction of hemorrhoids
661,Rick,Spur,rspuric@forbes.com,Removal of intraocular foreign body from anterior segment of eye without use of magnet
662,Adi,Pinsent,apinsentid@amazon.com,Other glossotomy
663,Ardys,Coole,acooleie@etsy.com,Replacement of nephrostomy tube
664,Guthrie,Lurcock,glurcockif@deviantart.com,Ureterotomy
665,Gwenora,Fenton,gfentonig@epa.gov,Visual field study
666,Kristos,Tremayne,ktremayneih@google.es,Reimplantation of aberrant renal vessel
667,Vyky,Jennrich,vjennrichii@vinaora.com,Ureteropexy
668,Haleigh,Lupton,hluptonij@forbes.com,"Microscopic examination of specimen from musculoskeletal system and of joint fluid, culture and sensitivity"
669,Felike,Blench,fblenchik@scientificamerican.com,Open reduction of dislocation of hip
670,Teirtza,Wenban,twenbanil@is.gd,Other excision or destruction of lesion of uterus
671,Heddie,Girardetti,hgirardettiim@nifty.com,Excision of muscle or fascia of hand for graft
672,Bridgette,Revie,breviein@latimes.com,Pharyngeal biopsy
673,Phyllys,Plank,pplankio@deviantart.com,"Microscopic examination of specimen from unspecified site, parasitology"
674,Nevile,Christoffersen,nchristoffersenip@51.la,Complete substernal thyroidectomy
675,Prent,Iwanowski,piwanowskiiq@weather.com,Play psychotherapy
676,Harmony,Myhill,hmyhillir@google.com.au,"Other excision of joint, wrist"
677,Brunhilde,Sturley,bsturleyis@fema.gov,Insertion of aqueous drainage device
678,Courtenay,McEnhill,cmcenhillit@freewebs.com,Total pancreatectomy
679,Estell,Frawley,efrawleyiu@guardian.co.uk,Division of sympathetic nerve or ganglion
680,Scotti,Garralts,sgarraltsiv@altervista.org,Other high forceps operation
681,Dilly,Sabbin,dsabbiniw@intel.com,Construction of auricle of ear
682,Cy,De Cruze,cdecruzeix@scientificamerican.com,Vaccination against pertussis
683,Trev,Woodington,twoodingtoniy@google.de,Excision of lesion of tendon sheath
684,Harp,Holburn,hholburniz@artisteer.com,"Removal of foreign body without incision from upper limb, except hand"
685,Hartwell,Forber,hforberj0@usa.gov,Repair of blood vessel with synthetic patch graft
686,Auberon,Duprey,adupreyj1@squidoo.com,Replacement of other cast
687,Leyla,Gordon-Giles,lgordongilesj2@nytimes.com,Other amputation below knee
688,Sheff,Avramow,savramowj3@ustream.tv,"Open reduction of fracture with internal fixation, humerus"
689,Vivi,Morsley,vmorsleyj4@nbcnews.com,Initial insertion of dual-chamber device
690,Gwennie,Childs,gchildsj5@etsy.com,Other operations on iris
691,Winn,Samways,wsamwaysj6@devhub.com,Thermokeratoplasty
692,Merrick,Cragg,mcraggj7@unblog.fr,Hysteroscopy
693,Tabby,Blacklawe,tblacklawej8@loc.gov,Excision or destruction of testicular lesion
694,Taddeo,Lyste,tlystej9@mtv.com,Other tenonectomy
695,Gun,Elvidge,gelvidgeja@vinaora.com,"Thymectomy, not otherwise specified"
696,Petr,Neasham,pneashamjb@si.edu,Whirlpool treatment
697,Aymer,Yates,ayatesjc@cnet.com,"Other local excision or destruction of lesion of joint, foot and toe"
698,Blakeley,Juszczak,bjuszczakjd@google.it,Other nonoperative replacements
699,Raddie,Tasseler,rtasselerje@taobao.com,"Microscopic examination of specimen from female genital tract, parasitology"
700,Merola,Aves,mavesjf@si.edu,Intravascular imaging of non-coronary vessel(s) by optical coherence tomography [OCT]
701,Stanley,Songer,ssongerjg@go.com,Endoscopic excision or destruction of lesion of biliary ducts or sphincter of Oddi
702,Archibald,Allday,aalldayjh@freewebs.com,"Other incision of bone without division, tarsals and metatarsals"
703,Bathsheba,Clifton,bcliftonji@utexas.edu,Other contrast radiogram of brain and skull
704,Myron,Flury,mfluryjj@exblog.jp,"Sequestrectomy, carpals and metacarpals"
705,Booth,Boord,bboordjk@rambler.ru,Contrast arthrogram
706,Reade,Tomkins,rtomkinsjl@naver.com,Other anastomosis of bladder
707,Grantley,Crotty,gcrottyjm@hostgator.com,"Microscopic examination of specimen from endocrine gland, not elsewhere classified, other microscopic examination"
708,Ennis,MacLleese,emaclleesejn@unicef.org,"Biopsy of mouth, unspecified structure"
709,Elfie,Louedey,elouedeyjo@etsy.com,Other skin traction of limbs
710,Shay,Chidler,schidlerjp@latimes.com,Intracarotid amobarbital test
711,Corbin,Casbourne,ccasbournejq@msn.com,"Division of joint capsule, ligament, or cartilage, ankle"
712,Krista,Valencia,kvalenciajr@cmu.edu,"Arthroscopy, hip"
713,Chadd,Jaulmes,cjaulmesjs@360.cn,Other repair of urinary stress incontinence
714,Roy,Bransden,rbransdenjt@princeton.edu,Operations on globus pallidus
715,Brig,Pieters,bpietersju@ebay.co.uk,Manual rupture of ovarian cyst
716,Lodovico,Cammomile,lcammomilejv@icio.us,P32 and other tracer studies of eye
717,Kaila,Magson,kmagsonjw@vk.com,X-ray of gravid uterus
718,Marje,Airey,maireyjx@reuters.com,Continuous invasive mechanical ventilation of unspecified duration
719,Edmund,Scarratt,escarrattjy@hubpages.com,Suture of gastric ulcer site
720,Shane,McGinlay,smcginlayjz@about.com,Closed reduction of dislocation of other specified sites
721,Orelle,Catonne,ocatonnek0@netvibes.com,Posterior resection of rectum
722,Kelli,Littley,klittleyk1@cornell.edu,Intravenous infusion of clofarabine
723,Tore,Pylkynyton,tpylkynytonk2@clickbank.net,Removal of embedded foreign body from conjunctiva by incision
724,Hamilton,Garrood,hgarroodk3@woothemes.com,Implantation or replacement of cardiac resynchronization pacemaker pulse generator only [CRT-P]
725,Alley,Rickman,arickmank4@unc.edu,"Gluteal artery perforator (GAP) flap, free"
726,Margret,Jeduch,mjeduchk5@meetup.com,"Removal of foreign body without incision from lower limb, except foot"
727,Dori,Everix,deverixk6@hostgator.com,Other irrigation of wound
728,Susannah,Fairlem,sfairlemk7@nymag.com,"Microscopic examination of specimen from bladder, urethra, prostate, seminal vesicle, perivesical tissue, and of urine and semen, cell block and Papanicolaou smear"
729,Evvie,Le Marquis,elemarquisk8@amazon.com,"Other local excision or destruction of lesion of joint, hand and finger"
730,Isidora,Stain,istaink9@ycombinator.com,Epiglottidectomy
731,Bondie,Legate,blegateka@infoseek.co.jp,Thoracoscopic pleural biopsy
732,Miquela,Arghent,marghentkb@4shared.com,Thoracoscopic decortication of lung
733,Myrna,Rigney,mrigneykc@ycombinator.com,Apicoectomy
734,Hillie,Wimpress,hwimpresskd@si.edu,"Closed heart valvotomy, tricuspid valve"
735,Brietta,Bertwistle,bbertwistleke@rediff.com,Other chest x-ray
736,Emmi,Prewer,eprewerkf@phoca.cz,Computer assisted surgery with multiple datasets
737,Rafaela,Brazel,rbrazelkg@cargocollective.com,Endovascular replacement of unspecified heart valve
738,Ali,Lawtey,alawteykh@wordpress.org,"Revision of knee replacement, not otherwise specified"
739,Jackqueline,Twycross,jtwycrosski@ycombinator.com,Other orthognathic surgery on mandible
740,Ashly,Pearlman,apearlmankj@icq.com,Other operations on cranial and peripheral nerves
741,Emmalyn,Siveyer,esiveyerkk@a8.net,Other repair of punctum
742,Harris,Lanham,hlanhamkl@blog.com,Truncal vagotomy
743,Minni,Harries,mharrieskm@blogger.com,Incision and drainage of tonsil and peritonsillar structures
744,Sharleen,Degue,sdeguekn@taobao.com,Bone scan
745,Rickie,Andrichak,randrichakko@multiply.com,Removal of mediastinal drain
746,Rowney,Helix,rhelixkp@dailymail.co.uk,Tracheoesophageal fistulization
747,Giles,Eingerfield,geingerfieldkq@fema.gov,Total excision of pineal gland
748,Camila,Willox,cwilloxkr@nymag.com,(Aorto)coronary bypass of four or more coronary arteries
749,Eveline,Tripon,etriponks@google.nl,Amputation through hand
750,Peirce,Berecloth,pbereclothkt@answers.com,Uterine artery embolization [UAE] with coils
751,Rosemarie,O'Carroll,rocarrollku@vistaprint.com,Other and unspecified repair of unspecified septal defect of heart
752,Zahara,Graver,zgraverkv@google.fr,"Microscopic examination of specimen from ear, nose, throat, and larynx, bacterial smear"
753,El,Spray,espraykw@huffingtonpost.com,Injection of locally-acting therapeutic substance into peritoneal cavity
754,Lothario,Daggett,ldaggettkx@xrea.com,"Other repair or plastic operations on bone, radius and ulna"
755,Ashlan,Roskell,aroskellky@toplist.cz,Suture of laceration of palate
756,Lorelei,Mosson,lmossonkz@bloglines.com,"Root canal, not otherwise specified"
757,Anallese,Gofforth,agofforthl0@exblog.jp,Electrolysis and other epilation of skin
758,Shauna,Myton,smytonl1@about.me,Other bilateral ligation and division of fallopian tubes
759,Etienne,Bedboro,ebedborol2@webnode.com,"Revision of joint replacement of lower extremity, not elsewhere classified"
760,Ewell,Duncan,eduncanl3@paginegialle.it,"Insertion of spinal disc prosthesis, not otherwise specified"
761,Ramona,Rosthorn,rrosthornl4@geocities.com,Removal of vaginal diaphragm
762,Vonnie,Gobbet,vgobbetl5@psu.edu,Percutaneous nephrostomy without fragmentation
763,Aylmer,Ferrige,aferrigel6@archive.org,Insertion of totally implantable vascular access device [VAD]
764,Terry,Tittletross,ttittletrossl7@blogspot.com,Other excision or destruction of lesion of uterus
765,Massimo,Maso,mmasol8@oaic.gov.au,Other operations on ossicular chain
766,Micheil,Vautre,mvautrel9@merriam-webster.com,Lower leg or ankle reattachment
767,Alex,Lamas,alamasla@un.org,"Fitting of prosthesis of leg, not otherwise specified"
768,Murdock,Nolleau,mnolleaulb@ezinearticles.com,"Closed reduction of fracture without internal fixation, tibia and fibula"
769,Daphene,MacGilmartin,dmacgilmartinlc@sciencedaily.com,Adenoidectomy without tonsillectomy
770,Elden,Leel,eleelld@yale.edu,"Microscopic examination of specimen from endocrine gland, not elsewhere classified, culture"
771,Lizzy,GiacobbiniJacob,lgiacobbinijacoble@edublogs.org,Partial gastrectomy with anastomosis to jejunum
772,Prentice,Drewery,pdrewerylf@squarespace.com,Other repair of mesentery
773,Brunhilda,Howle,bhowlelg@cloudflare.com,Insertion of subcutaneous electrical anal stimulator
774,Anthony,Hathway,ahathwaylh@drupal.org,Excision of muscle or fascia of hand for graft
775,Sheffy,Filintsev,sfilintsevli@livejournal.com,Insertion of testicular prosthesis
776,Mufinella,Sumner,msumnerlj@slashdot.org,Other operations on ciliary body
777,Myrlene,Itzhayek,mitzhayeklk@cornell.edu,Open heart valvuloplasty of mitral valve without replacement
778,Afton,Brompton,abromptonll@earthlink.net,"Sequestrectomy, patella"
779,Bear,Harvie,bharvielm@yahoo.com,Lysis of adhesions of tongue
780,Darby,Adao,dadaoln@va.gov,Homograft to skin
781,Nannette,Couzens,ncouzenslo@seesaa.net,Closed [endoscopic] biopsy of small intestine
782,Waneta,Thompson,wthompsonlp@mac.com,"Other partial ostectomy, femur"
783,Lexy,Sommerland,lsommerlandlq@chron.com,"Biopsy of spermatic cord, epididymis, or vas deferens"
784,Ervin,Duckworth,educkworthlr@gravatar.com,"Revision of total knee replacement, tibial insert (liner)"
785,Jarret,Bridgeland,jbridgelandls@blogtalkradio.com,"Diagnostic procedures on bone, not elsewhere classified, patella"
786,Clementina,Dunniom,cdunniomlt@miitbeian.gov.cn,Percutaneous robotic assisted procedure
787,Michal,Wallenger,mwallengerlu@sciencedaily.com,Caval-pulmonary artery anastomosis
788,Kellia,Dovington,kdovingtonlv@g.co,Suture of laceration of testis
789,Krissy,Mandel,kmandellw@de.vu,Local perfusion of small intestine
790,Katie,Rout,kroutlx@networksolutions.com,Antesternal esophagoesophagostomy
791,Harriott,Gregoletti,hgregolettily@google.de,"Other excision of vessels, intracranial vessels"
792,Dickie,Mayston,dmaystonlz@t.co,Other suture of abdominal wall
793,Sibyl,Hatliffe,shatliffem0@answers.com,Operations on thalamus
794,Humberto,Sheehy,hsheehym1@hao123.com,Other biopsy of ovary
795,Walsh,Seneschal,wseneschalm2@linkedin.com,Removal of intraluminal foreign body from larynx without incision
796,Maureene,Dayer,mdayerm3@virginia.edu,Therapeutic erythrocytapheresis
797,Cristine,Deschelle,cdeschellem4@senate.gov,Incision of pituitary gland
798,Sheffy,Vankin,svankinm5@google.com.hk,Other electrocoagulation of rectal lesion or tissue
799,Leslie,Benardet,lbenardetm6@army.mil,Paracervical uterine denervation
800,Abner,Denmead,adenmeadm7@businessweek.com,Other destruction of intervertebral disc
801,Yankee,Esgate,yesgatem8@soup.io,Hypothermia (central) (local)
802,Derril,Talks,dtalksm9@networkadvertising.org,Removal of vaginal or vulvar packing
803,Dicky,Toquet,dtoquetma@acquirethisname.com,Excision of seminal vesicle
804,Andriana,Domaschke,adomaschkemb@sun.com,Crisis intervention
805,Gavrielle,Pile,gpilemc@tinyurl.com,Large-to-large intestinal anastomosis
806,Carine,Wimes,cwimesmd@springer.com,"Unspecified operation on bone injury, tibia and fibula"
807,Bess,Carlisso,bcarlissome@delicious.com,"Microscopic examination of specimen from female genital tract, culture"
808,Ignazio,Cullington,icullingtonmf@mysql.com,Teleradiotherapy using electrons
809,Audry,Rowbrey,arowbreymg@123-reg.co.uk,Other antesternal esophageal anastomosis with interposition
810,Linnie,Duncombe,lduncombemh@miitbeian.gov.cn,Excision of perirenal or perivesical tissue
811,Alina,Krelle,akrellemi@usatoday.com,Other bilateral endoscopic destruction or occlusion of fallopian tubes
812,Maximo,Cattanach,mcattanachmj@reverbnation.com,Other tendon transposition
813,Rubina,Smith,rsmithmk@wp.com,Cisternal puncture
814,Claudio,Lambourne,clambourneml@drupal.org,"Excisional debridement of wound, infection, or burn"
815,Joye,Redfern,jredfernmm@newyorker.com,Removal of intrauterine pack
816,Bryan,Rosenbusch,brosenbuschmn@usnews.com,Other plastic operations on fascia
817,Darwin,Kohn,dkohnmo@google.it,Laparoscopically assisted vaginal hysterectomy (LAVH)
818,Forster,Askew,faskewmp@walmart.com,Other operations on eyeball
819,Livy,Newbery,lnewberymq@comcast.net,Proctoclysis
820,Myrwyn,Dewan,mdewanmr@woothemes.com,Percutaneous transluminal coronary angioplasty [PTCA]
821,Temple,Grolle,tgrollems@phoca.cz,Percutaneous transluminal coronary angioplasty [PTCA]
822,Gaston,Harriday,gharridaymt@bizjournals.com,Whirlpool treatment
823,Nichole,Grain,ngrainmu@ca.gov,Other repair of heart and pericardium
824,Trevor,Mosten,tmostenmv@acquirethisname.com,Insertion of (naso-)intestinal tube
825,Winfred,Copeland,wcopelandmw@tuttocitta.it,Ligation of vas deferens
826,Larisa,Jellis,ljellismx@booking.com,Myotomy of sigmoid colon
827,Natividad,Corradi,ncorradimy@google.it,Laparoscopic bilateral repair of indirect inguinal hernia with graft or prosthesis
828,Hartley,Shaw,hshawmz@google.ru,Endoscopic sphincterotomy and papillotomy
829,Josee,Sharrock,jsharrockn0@51.la,"Resection of vessel with replacement, upper limb vessels"
830,Leisha,Moat,lmoatn1@jigsy.com,Partial mandibulectomy
831,Marina,Whelband,mwhelbandn2@over-blog.com,Ligation of thyroid vessels
832,Homere,Hessle,hhesslen3@oaic.gov.au,Auxiliary liver transplant
833,Freemon,Slyne,fslynen4@virginia.edu,"Closed reduction of fracture without internal fixation, carpals and metacarpals"
834,Zenia,Edmeads,zedmeadsn5@geocities.jp,Interposition operation
835,Franny,Petrovsky,fpetrovskyn6@xrea.com,Dermabrasion
836,Kennith,Exton,kextonn7@marketwatch.com,Allogeneic hematopoietic stem cell transplant with purging
837,Helen,Kob,hkobn8@photobucket.com,"Internal fixation of bone without fracture reduction, tarsals and metatarsals"
838,Meryl,Keyme,mkeymen9@spotify.com,Other operations on ciliary body
839,Jeane,Chaddock,jchaddockna@yellowpages.com,"Microscopic examination of specimen from kidney, ureter, perirenal and periureteral tissue, culture"
840,Annetta,Abramof,aabramofnb@google.cn,Amputation of cervix
841,Sela,Lowbridge,slowbridgenc@trellian.com,Closed reduction of dislocation of ankle
842,Elbert,Rodenborch,erodenborchnd@aboutads.info,Repair of blepharoptosis by tarsal technique
843,Sanford,Muggeridge,smuggeridgene@wordpress.org,Suture of laceration of rectum
844,Janifer,Wike,jwikenf@reference.com,"Insertion of bone growth stimulator, humerus"
845,Dulcea,Skakunas,dskakunasng@dion.ne.jp,"Spinal fusion, not otherwise specified"
846,Stefanie,Goodridge,sgoodridgenh@drupal.org,"Revision of knee replacement, femoral component"
847,Abra,Brotherhood,abrotherhoodni@narod.ru,"Resurfacing hip, partial, femoral head"
848,Vevay,Swancock,vswancocknj@i2i.jp,Chemical shock therapy
849,Julieta,Ebrall,jebrallnk@mozilla.org,"Other and open repair of diaphragmatic hernia, with thoracic approach"
850,Wolfgang,Scanterbury,wscanterburynl@msu.edu,Revision of enucleation socket with graft
851,Charlean,Brogi,cbroginm@booking.com,Hysterotomy
852,Link,Reichartz,lreichartznn@flavors.me,"Isolation of intestinal segment, not otherwise specified"
853,Nannie,Frango,nfrangono@ed.gov,"Other destruction of lesion of small intestine, except duodenum"
854,Marita,Youle,myoulenp@ycombinator.com,Transposition of nipple
855,Milton,Battye,mbattyenq@photobucket.com,"Revision of operative wound of anterior segment, not elsewhere classified"
856,Casar,McKernan,cmckernannr@de.vu,Reopening of recent thoracotomy site
857,Lucie,Corking,lcorkingns@myspace.com,Other operations on the breast
858,Rosanna,Stanmore,rstanmorent@nifty.com,Excision of skin for graft
859,Shawna,Streatfeild,sstreatfeildnu@telegraph.co.uk,"Resection of vessel with anastomosis, upper limb vessels"
860,Salomone,Crufts,scruftsnv@yale.edu,Other operations on ciliary body
861,Ileana,Coultass,icoultassnw@usatoday.com,Other phototherapy
862,Loree,Shellcross,lshellcrossnx@webeden.co.uk,Local excision or destruction of other lesion of nose
863,Minta,Baythorp,mbaythorpny@ow.ly,Closed [endoscopic] biopsy of large intestine
864,Eugenie,Fullbrook,efullbrooknz@uiuc.edu,"Other arthrotomy, hip"
865,Randee,Yaldren,ryaldreno0@ameblo.jp,Other operations on penis
866,Betti,Fatkin,bfatkino1@usatoday.com,Reopening of laminectomy site
867,Nicolai,Roncelli,nroncellio2@ocn.ne.jp,Radical glossectomy
868,Jasper,Swansborough,jswansborougho3@boston.com,"Microscopic examination of specimen from operative wound, cell block and Papanicolaou smear"
869,Malina,Littlefair,mlittlefairo4@purevolume.com,Endoscopic insertion of stent (tube) into pancreatic duct
870,Moyna,Birkbeck,mbirkbecko5@youku.com,"Routine chest x-ray, so described"
871,Ingamar,Matashkin,imatashkino6@google.co.uk,Iridencleisis and iridotasis
872,Zak,Gebbe,zgebbeo7@fda.gov,Insertion of aqueous drainage device
873,Juli,Longhorne,jlonghorneo8@i2i.jp,Open chest cardiac massage
874,Corbet,Avraam,cavraamo9@odnoklassniki.ru,Accessory-hypoglossal anastomosis
875,Skip,Kettlesing,skettlesingoa@mtv.com,Excision of cystic duct remnant
876,Timothee,Freeborne,tfreeborneob@bravesites.com,Control of epistaxis by (transantral) ligation of the maxillary artery
877,Rivalee,Swadlen,rswadlenoc@themeforest.net,Laparoscopic removal of gastric restrictive device(s)
878,Perry,Bassam,pbassamod@typepad.com,Other diagnostic procedures on spleen
879,Ciel,Slatcher,cslatcheroe@craigslist.org,Total body scan
880,Alric,Rye,aryeof@cisco.com,Therapeutic photopheresis
881,Tedra,Newstead,tnewsteadog@symantec.com,Unilateral extended radical mastectomy
882,Joy,Yitzhakof,jyitzhakofoh@feedburner.com,Anal cerclage
883,Bari,McCole,bmccoleoi@wp.com,Biopsy of fallopian tube
884,Yehudit,Brissenden,ybrissendenoj@ebay.com,Epididymectomy
885,Ariel,Genike,agenikeok@newsvine.com,Radical subtotal pancreatectomy
886,Willem,Elgee,welgeeol@edublogs.org,"Resection of vessel with replacement, other vessels of head and neck"
887,Lily,Feak,lfeakom@tripod.com,Incision of anal septum
888,Gordan,Arbon,garbonon@gnu.org,Laparoscopic incidental appendectomy
889,Victoria,Maddie,vmaddieoo@epa.gov,Other permanent tracheostomy
890,Clerkclaude,Kingaby,ckingabyop@adobe.com,Urethrotomy
891,Marietta,Diprose,mdiproseoq@ftc.gov,"Unspecified operation on bone injury, tarsals and metatarsals"
892,Andrew,Cabel,acabelor@who.int,Reduction of hemorrhoids
893,Lydia,O'Driscole,lodriscoleos@biglobe.ne.jp,Retroperitoneal pneumogram
894,Kamillah,Ivashnikov,kivashnikovot@businessweek.com,Closed [endoscopic] biopsy of larynx
895,Alexandre,Lintot,alintotou@free.fr,Incision of bronchus
896,Steffi,Curuclis,scuruclisov@wikipedia.org,Other total shoulder replacement
897,Olivia,Bassford,obassfordow@wikimedia.org,Intrathoracic esophageal anastomosis with interposition of small bowel
898,Estele,Jollie,ejollieox@flavors.me,Other chordotomy
899,Glenna,Rimes,grimesoy@dedecms.com,Other operations on penis
900,Afton,Talby,atalbyoz@wiley.com,Coronary arteriography using a single catheter
901,Anett,Beardsell,abeardsellp0@mediafire.com,Removal of thoracotomy tube or pleural cavity drain
902,Isidro,Alps,ialpsp1@parallels.com,Laparoscopic removal of remaining ovary
903,Berty,Gregersen,bgregersenp2@fotki.com,Division of sympathetic nerve or ganglion
904,Kalil,Tembridge,ktembridgep3@usda.gov,"Lysis of adhesions of muscle, tendon, fascia, and bursa"
905,Birgit,Cejka,bcejkap4@shinystat.com,"Closed reduction of fracture with internal fixation, tarsals and metatarsals"
906,Ronni,Pitrasso,rpitrassop5@tinyurl.com,Suture of laceration of vas deferens and epididymis
907,Fields,Leber,fleberp6@npr.org,Repair of cystocele with graft or prosthesis
908,Alair,Onge,aongep7@moonfruit.com,Hypothermia (systemic) incidental to open heart surgery
909,Kiersten,Brasener,kbrasenerp8@pbs.org,Wide excision of lesion of lip
910,Priscilla,Howkins,phowkinsp9@cam.ac.uk,Incision of duodenum
911,Karia,Nelane,knelanepa@senate.gov,"Closed reduction of fracture without internal fixation, tarsals and metatarsals"
912,Toni,Norree,tnorreepb@skyrock.com,Bilateral subcutaneous mammectomy with synchronous implant
913,Alonzo,Piotrkowski,apiotrkowskipc@vinaora.com,Other electrocoagulation of rectal lesion or tissue
914,Dot,Murtagh,dmurtaghpd@wisc.edu,"Replacement of any type pacemaker device with single-chamber device, not specified as rate responsive"
915,Lorrayne,Pithcock,lpithcockpe@flavors.me,Other bilateral femoral herniorrhaphy
916,Riley,Sainer,rsainerpf@tripod.com,"Debridement of open fracture site, other specified bone"
917,Jenna,Decaze,jdecazepg@hatena.ne.jp,Autologous bone marrow transplant with purging
918,Maddy,Misken,mmiskenph@wikia.com,Lysis of adhesions of spinal cord and nerve roots
919,Arny,Woosnam,awoosnampi@un.org,Vaccination against tuberculosis
920,Carmencita,Hiner,chinerpj@miitbeian.gov.cn,Dental examination
921,Curry,Jobbings,cjobbingspk@addthis.com,Closed reduction of malar and zygomatic fracture
922,Sam,Klosa,sklosapl@1und1.de,Revision or replacement of epiretinal visual prosthesis
923,Domenico,Rimour,drimourpm@wordpress.org,Operations on globus pallidus
924,Guss,Callow,gcallowpn@unesco.org,Magnetic resonance imaging of chest and myocardium
925,Stevana,Gissing,sgissingpo@foxnews.com,Endoscopic excision or destruction of lesion or tissue of pancreatic duct
926,Tiffie,Cawte,tcawtepp@foxnews.com,Insertion of left atrial appendage device
927,Dyna,Skeats,dskeatspq@mac.com,"X-ray, other and unspecified"
928,Stevena,Papen,spapenpr@phoca.cz,Partial gastrectomy with anastomosis to esophagus
929,Manuel,Undrill,mundrillps@admin.ch,Transapical replacement of pulmonary valve
930,Enrica,Poxson,epoxsonpt@wikispaces.com,Other transurethral destruction of prostate tissue by other thermotherapy
931,Michelina,Vinker,mvinkerpu@soup.io,Puncture of spleen
932,Star,Mc Giffin,smcgiffinpv@baidu.com,Mechanical phacofragmentation and aspiration of cataract by posterior route
933,Nessa,Tolossi,ntolossipw@berkeley.edu,"Sequestrectomy, other bones"
934,Dolley,Ditch,dditchpx@webeden.co.uk,"Refusion of lumbar and lumbosacral spine, posterior column, posterior technique"
935,Brynn,O'Kennedy,bokennedypy@hexun.com,Iridotomy with transfixion
936,Gar,Pierce,gpiercepz@berkeley.edu,"Unspecified operation on bone injury, carpals and metacarpals"
937,Jacklin,Dolphin,jdolphinq0@ow.ly,Other nephrotomogram
938,Alanah,Marginson,amarginsonq1@dion.ne.jp,Other diagnostic procedures on lung or bronchus
939,Enoch,Carden,ecardenq2@nsw.gov.au,Other and open repair of direct inguinal hernia with graft or prosthesis
940,Merilyn,Dunham,mdunhamq3@ebay.com,Carotid pulse tracing with ECG lead
941,Ernest,Everley,eeverleyq4@wunderground.com,Replacement of vessel-to-vessel cannula
942,Rosana,Banstead,rbansteadq5@bandcamp.com,"Microscopic examination of specimen from liver, biliary tract, and pancreas, cell block and Papanicolaou smear"
943,Cullin,Laycock,claycockq6@mediafire.com,"Implantation or fitting of prosthetic limb device, not otherwise specified"
944,Leroy,Beckson,lbecksonq7@psu.edu,Other puncture of vein
945,Yolane,Bredbury,ybredburyq8@domainmarket.com,Tracheostomy toilette
946,Mar,Venton,mventonq9@typepad.com,Removal of other device from trunk
947,Tyler,Sheaber,tsheaberqa@cbc.ca,Other operations on thoracic duct
948,Murry,Abell,mabellqb@wikia.com,Amputation through forearm
949,Rois,Tubble,rtubbleqc@ucoz.com,Removal of intraluminal foreign body from pharynx without incision
950,Malva,Fierman,mfiermanqd@harvard.edu,Anal cerclage
951,Cesaro,Rossbrook,crossbrookqe@globo.com,Other diagnostic procedures on lymphatic structures
952,Alisander,Wanstall,awanstallqf@fastcompany.com,Removal of intracranial neurostimulator lead(s)
953,Clevie,Wheelan,cwheelanqg@networksolutions.com,"Biopsy of joint structure, wrist"
954,Andy,Apfelmann,aapfelmannqh@phoca.cz,Esophagoscopy through artificial stoma
955,Bethany,Blance,bblanceqi@g.co,Umbilical vein catheterization
956,Micky,Grissett,mgrissettqj@miibeian.gov.cn,Transplantation of ovary
957,Dania,Welburn,dwelburnqk@dedecms.com,Unilateral lung transplantation
958,Raleigh,McNeilley,rmcneilleyql@squarespace.com,"Endarterectomy, intracranial vessels"
959,Dori,Maddie,dmaddieqm@about.com,Other and unspecified thoracoscopic operations on thymus
960,Justin,Buttrick,jbuttrickqn@loc.gov,Injection into thoracic cavity
961,Amandy,Osipenko,aosipenkoqo@webmd.com,"Laparoscopic repair of inguinal hernia with graft or prosthesis, not otherwise specified"
962,Sophi,Sirmond,ssirmondqp@sfgate.com,"Other division of bone, other bones"
963,Paolina,Thome,pthomeqq@ebay.co.uk,Forceps application to aftercoming head
964,Karole,Hounsham,khounshamqr@desdev.cn,Ligation of esophageal varices
965,Sheila,Starcks,sstarcksqs@twitpic.com,Repair of adrenal gland
966,Liz,Beckinsall,lbeckinsallqt@hexun.com,Other orbitotomy
967,Gertrud,Birchill,gbirchillqu@w3.org,Removal of skull tongs or halo traction device
968,Basia,Sumpner,bsumpnerqv@intel.com,"Bone graft, tarsals and metatarsals"
969,Darrick,Yole,dyoleqw@creativecommons.org,Combined alcohol and drug rehabilitation and detoxification
970,Miguela,Tuke,mtukeqx@bloglines.com,Repair of uvula
971,Neddie,Houselee,nhouseleeqy@cloudflare.com,Behavior therapy
972,Cathrin,Shynn,cshynnqz@pen.io,Implantation or replacement of cardiac resynchronization defibrillator pulse generator only [CRT-D]
973,Emmalyn,Mularkey,emularkeyr0@slashdot.org,Electrocardiogram
974,Corty,Martinello,cmartinellor1@examiner.com,Control of epistaxis by ligation of the external carotid artery
975,Katuscha,Beet,kbeetr2@bandcamp.com,Closed reduction of malar and zygomatic fracture
976,Walther,Possell,wpossellr3@e-recht24.de,Recession of one extraocular muscle
977,Korey,Dawes,kdawesr4@cam.ac.uk,Biopsy of skull
978,Stormie,Seif,sseifr5@buzzfeed.com,Other revision of vascular procedure
979,Dallas,Stoltz,dstoltzr6@nymag.com,Family therapy
980,Bradford,Espinay,bespinayr7@posterous.com,"Partial excision of pituitary gland, transsphenoidal approach"
981,Anthony,Elven,aelvenr8@google.de,Other revision of enucleation socket
982,Gizela,McGebenay,gmcgebenayr9@etsy.com,Bone scan
983,Clarabelle,Swafield,cswafieldra@about.com,Implantation of electronic bladder stimulator
984,Randee,McDonell,rmcdonellrb@posterous.com,Percutaneous vertebroplasty
985,Lotte,Botterill,lbotterillrc@acquirethisname.com,Resection of quadrant of breast
986,Granger,Seifenmacher,gseifenmacherrd@redcross.org,Acupuncture for anesthesia
987,Niall,Sans,nsansre@dagondesign.com,Sphenoidectomy
988,Blythe,Scranny,bscrannyrf@pcworld.com,Episiotomy
989,Othelia,Seamarke,oseamarkerg@archive.org,"Corneal transplant, not otherwise specified"
990,Zed,Condon,zcondonrh@mysql.com,Laparoscopic biopsy of ovary
991,Wade,Eason,weasonri@sfgate.com,Removal of intraluminal foreign body from ear without incision
992,Ulysses,Depport,udepportrj@typepad.com,Creation of conduit between right ventricle and pulmonary artery
993,Gaspard,Barrowclough,gbarrowcloughrk@foxnews.com,Opaque dye contrast hysterosalpingogram
994,Ammamaria,Stansfield,astansfieldrl@indiegogo.com,Xerography of breast
995,Annalise,Troker,atrokerrm@ifeng.com,Thoracoscopic pleural biopsy
996,Venita,Crummie,vcrummiern@networkadvertising.org,"Microscopic examination of blood, toxicology"
997,Suzie,de Guerre,sdeguerrero@i2i.jp,"Refusion of other cervical spine, anterior column, anterior technique"
998,Bernadina,Losty,blostyrp@ted.com,Other division of soft tissue
999,Zacharia,Wolfindale,zwolfindalerq@psu.edu,Nonmechanical methods of resuscitation
1000,Janka,Badsworth,jbadsworthrr@sfgate.com,"Insertion of bone growth stimulator, scapula, clavicle and thorax [ribs and sternum]"
